id,domain,status,purchase_price,renewal_price,attractiveness,demand,length,registrar,created_at,expires_at,status_verified_at
562abdc2-ccf9-4f17-917e-f95d01eee68b,hess.inc,premium,2015,2600,high,low,4,namecheap,,,27/09/2026 03:38
ac3f598e-5c4a-4b83-b054-e1232bccd638,celebrations.inc,premium,2015,2600,medium,low,12,namecheap,,,01/10/2026 18:40
0ffeb8f2-f5f4-41aa-8fab-f202657fea59,scrutinize.inc,premium,2061.5,2660,high,low,10,namesilo,,,21/09/2026 03:06
e61c0e72-4c35-42e8-9780-ee33b4e5a560,dodds.inc,premium,2061.5,2660,medium,low,5,namesilo,,,30/09/2026 05:40
e3229208-be28-44fc-8ea1-f32e4cb75361,originally.inc,premium,2015,2600,high,low,10,namecheap,,,15/09/2026 07:14
060aa3d1-cef3-4604-9e2e-76d7522211e8,radon.inc,premium,2061.5,2660,high,low,5,namesilo,,,21/09/2026 00:00
86956adf-4552-4cd9-bc1e-aaaa65683c3a,graduated.inc,premium,2015,2600,high,low,9,namecheap,,,11/08/2026 14:18
a4244c71-934b-4d5a-bd00-d1f7846a5e26,booklover.inc,available,498,2798,high,low,9,namecheap,,,23/09/2026 12:51
5d80e47d-9ba4-4e4e-96eb-d6d045932ff2,mellowly.inc,available,279,2099,medium,low,8,namesilo,,,24/08/2026 19:31
03e1d784-213a-47df-9d76-a69ce62b4182,pulpy.inc,premium,2015,2600,high,medium,5,namecheap,,,09/09/2026 05:57
403dcc3c-67fd-42d0-94ab-1c61fb9bb5db,grade.inc,premium,2061.5,2660,high,low,5,namesilo,,,27/09/2026 06:58
1edde593-62b7-4972-b8f3-a3c731764c3c,habitue.inc,available,279,2099,high,medium,7,namesilo,,,09/09/2026 13:03
501919e5-66fb-4fea-8f72-01b0750ec802,firefighters.inc,premium,2061.5,2660,medium,low,12,namesilo,,,01/10/2026 00:47
0936aa53-3cce-4635-96ea-022e6afe35f0,vowel.inc,premium,1604.45,2070.2,high,low,5,spaceship,,,29/09/2026 20:36
8efb75fd-fec5-4685-a034-0d5249986111,contrived.inc,premium,2015,2600,medium,low,9,namecheap,,,12/08/2026 23:42
d4660b2c-2652-42c1-ba52-8ea053e4a5ac,walton.inc,premium,2061.5,2660,high,low,6,namesilo,,,25/09/2026 05:07
a659f4eb-09b6-4762-9a46-0e7b808de0bc,batrachian.inc,available,279,2099,medium,low,10,namesilo,,,05/08/2026 20:53
cde30955-7078-4087-995d-8b2b7b4b934b,broccoli.inc,premium,2015,2600,high,low,8,namecheap,,,29/09/2026 04:00
3c30fa0f-e9f2-4c65-89b3-a40dab95f13b,literate.inc,premium,2015,2600,high,low,8,namecheap,,,24/08/2026 07:26
36595f08-17a9-4fd8-9fcf-84376b043c0e,desperate.inc,premium,2015,2600,high,low,9,namecheap,,,14/08/2026 03:58
d2483b48-50d2-455a-8ac7-76ac9ec83be2,tourism.inc,premium,1604.45,2070.2,high,low,7,spaceship,,,29/09/2026 20:31
ef5dcc15-b49e-4c79-8a90-0cc84bdd6f6c,couch.inc,premium,2499,3799.99,high,low,5,name.com,,,24/09/2026 18:35
245ca37d-2d96-4a99-98b9-7f9a4c4b52c9,lying.inc,premium,2061.5,2660,high,low,5,namesilo,,,30/09/2026 03:38
c063d3d5-6af1-409d-9dcc-5447f1e5b20a,medway.inc,available,258.95,2059.5,medium,low,6,spaceship,,,30/09/2026 21:37
ce1d1fbb-d8c5-4400-b535-6107eefcca10,planetal.inc,available,498,2798,medium,low,8,namecheap,,,08/09/2026 20:42
911d56c2-0750-42dc-ba8d-433136731194,alfie.inc,premium,2061.5,2660,high,low,5,namesilo,,,02/10/2026 07:25
f46dd54a-57d1-4e73-8518-9c0cdfa19345,weil.inc,premium,2061.5,2660,medium,low,4,namesilo,,,19/09/2026 04:20
d0a02b17-da27-4b1c-a51c-844db2dc26ce,largely.inc,premium,2061.5,2660,medium,low,7,namesilo,,,28/09/2026 14:55
ed2c8336-c4ed-45ea-b6f1-4f730cee7e81,rampantly.inc,available,279,2099,medium,low,9,namesilo,,,13/09/2026 11:58
55f3842b-59ad-4c44-a3e9-861324d07b1f,nonskid.inc,available,498,2798,medium,low,7,namecheap,,,03/09/2026 20:36
77d70d7a-8b40-4f6a-874e-747f15d3ce69,hutchison.inc,premium,2061.5,2660,medium,low,9,namesilo,,,28/09/2026 22:09
3a92fca9-5908-49e2-8a8b-9335cf940963,crashing.inc,premium,2061.5,2660,medium,low,8,namesilo,,,28/09/2026 11:33
6ad0979b-d5f6-468a-a9c8-5d09c6c22ff3,factor.inc,premium,1604.45,2070.2,high,low,6,spaceship,,,29/09/2026 04:30
880ce0ab-91e2-4fbf-9a13-469e1524394a,soak.inc,premium,2015,2600,high,low,4,namecheap,,,16/09/2026 03:40
5e1ee751-e737-4c40-8628-bb7ca6d6dc80,nantucket.inc,premium,1705,2060.21,medium,low,9,dynadot,,,28/09/2026 19:57
5ad28701-da64-4ad5-828d-57102fc1ae14,kremlin.inc,premium,1604.45,2070.2,high,low,7,spaceship,,,01/10/2026 02:50
86aa46f5-0438-4fae-835a-9522f0cb63d5,achievable.inc,premium,2061.5,2660,high,low,10,namesilo,,,21/09/2026 15:42
5b3a1851-219a-4cae-bc8d-57f7a49f2af9,transposed.inc,premium,2015,2600,medium,low,10,namecheap,,,11/09/2026 18:59
39cf5650-96a0-4abe-9ed4-229c37f3c1d6,stagnant.inc,premium,2015,2600,medium,low,8,namecheap,,,25/08/2026 06:25
ff0887bc-edb7-4729-b346-5bd777c41242,sweetness.inc,premium,1604.45,2070.2,high,low,9,spaceship,,,29/09/2026 00:59
fb2d9d3b-4f82-4688-8943-451cf8206a5a,voucher.inc,premium,1604.45,2070.2,high,low,7,spaceship,,,01/10/2026 01:36
92af3442-643c-4c07-96cb-687fa3a815c3,meissner.inc,available,257.71,2060.21,medium,low,8,dynadot,,,02/10/2026 15:21
e357c981-ba44-47e6-807d-6257a15b6873,wicker.inc,premium,2061.5,2660,high,low,6,namesilo,,,02/10/2026 14:32
3a0c7e23-cbb8-4645-a09f-ffc74206a410,chaff.inc,premium,2015,2600,medium,low,5,namecheap,,,22/08/2026 13:50
e49c17c7-8c8b-48ea-92d2-e6b112b58b29,blvd.inc,premium,1604.45,2070.2,high,low,4,spaceship,,,02/10/2026 18:29
3e9fb80e-1aea-4e44-ae66-a1b84d1f5103,birmingham.inc,premium,2015,2600,high,low,10,namecheap,,,11/08/2026 06:43
1226ca69-c753-45e5-8c6f-5d23e3a64f54,lecturer.inc,premium,2061.5,2660,high,low,8,namesilo,,,30/09/2026 10:24
215b240d-f9e4-4f2a-aa0c-1e31b5dcc235,bamberg.inc,available,279,2099,medium,low,7,namesilo,,,30/09/2026 13:25
720281c8-760c-4691-a7ff-d4329da11085,are.inc,premium,2061.5,2660,high,low,3,namesilo,,,28/09/2026 22:00
82d93e67-5a61-4d4e-ad9d-9b2f3a5c1f0a,selecting.inc,premium,1604.45,2070.2,medium,low,9,spaceship,,,01/10/2026 16:17
0eb35da3-d55e-4617-b129-77169505f837,fagged.inc,available,279,2099,low,low,6,namesilo,,,14/08/2026 14:47
738c2588-59fb-4d8c-b16b-e575376dd4df,bahamian.inc,premium,2015,2600,medium,low,8,namecheap,,,08/08/2026 08:31
29a007c0-19ae-4168-876f-ad06d61ac276,runyon.inc,premium,2061.5,2660,medium,low,6,namesilo,,,18/09/2026 06:27
fbf1698f-e6ce-4119-8303-80420ee61432,sailing.inc,premium,2015,2600,high,low,7,namecheap,,,10/09/2026 00:37
ad8add28-13a5-493e-a1c9-468c14b9289e,davidson.inc,premium,2061.5,2660,high,low,8,namesilo,,,25/09/2026 15:02
cef8b572-7ef2-4ea2-8c3f-b4255185d702,leukaemia.inc,available,279,2099,medium,low,9,namesilo,,,24/09/2026 11:59
33ddd65d-9359-4883-940e-ce8cd5d3efb6,moving.inc,premium,2061.5,2660,high,low,6,namesilo,,,25/09/2026 22:01
9e13313b-6ef7-4a14-acb3-56299f767416,fallible.inc,premium,2015,2600,medium,low,8,namecheap,,,17/08/2026 21:30
8af9b233-f4bf-4438-8ea9-c869ef849096,minkowski.inc,available,498,2798,medium,low,9,namecheap,,,02/10/2026 15:41
575a7035-6608-4c27-b497-622b27ef4e8d,bobo.inc,premium,1604.45,2070.2,high,low,4,spaceship,,,02/10/2026 06:54
86863c94-5236-48b8-9d24-254e92e6c236,urged.inc,premium,2015,2600,medium,low,5,namecheap,,,19/09/2026 03:59
80e1a440-3c03-4c6c-ac0a-d3dc33970930,watering.inc,premium,2015,2600,high,low,8,namecheap,,,19/09/2026 17:23
6ae73214-7238-435a-8ef7-2e718267e4a6,variably.inc,available,279,2099,medium,low,8,namesilo,,,16/09/2026 10:46
568cb97c-9a1c-4800-9302-4ae169522780,albin.inc,available,498,2798,medium,low,5,namecheap,,,02/10/2026 00:03
e839ee53-5461-410a-9e3b-bd2b682a6a27,pretence.inc,premium,2061.5,2660,medium,low,8,namesilo,,,25/09/2026 16:31
08c722ca-0a1c-4bdc-8c5c-8fba49aa8fed,anonym.inc,available,498,2798,medium,low,6,namecheap,,,19/09/2026 11:37
90cc7f12-0511-4f63-a208-6fba3d034393,either.inc,premium,2061.5,2660,medium,low,6,namesilo,,,28/09/2026 14:39
8b44e2bb-4a58-493d-84c0-acaf25dd9f45,curvy.inc,premium,2015,2600,high,low,5,namecheap,,,10/08/2026 20:32
85b3ed8a-7c56-4e7e-b356-331a859e05e1,steering.inc,premium,1604.45,2070.2,high,low,8,spaceship,,,28/09/2026 15:24
d57da121-5cc8-4b6c-82b7-34c8ea01ee70,arginine.inc,available,279,2099,medium,low,8,namesilo,,,20/09/2026 04:24
1b8c4ef6-ba4c-4dd7-a4e1-34a5dcfee4e0,samsung.inc,premium,2061.5,2660,high,high,7,namesilo,,,28/09/2026 21:35
6147008a-7e57-4289-bce8-a4b47d215c84,pulp.inc,premium,1692.6,2183.84,high,low,4,porkbun,,,29/09/2026 07:38
8e7a1b2e-d16a-4944-bc72-27338f9e723e,diaz.inc,premium,2061.5,2660,high,low,4,namesilo,,,22/09/2026 09:18
14977768-23a7-4d4c-a4cf-824800fbd6e1,discussion.inc,premium,1604.45,2070.2,high,low,10,spaceship,,,29/09/2026 15:38
52d0f4c4-58b0-469c-a090-422d4d54a5c3,temptation.inc,premium,1604.45,2070.2,high,low,10,spaceship,,,28/09/2026 09:41
f22cd472-b3e2-4fc1-a059-97d8b8043e64,dishonesty.inc,premium,2015,2600,medium,low,10,namecheap,,,29/09/2026 15:54
36bedc16-284e-4908-ac1f-54d0c26d754d,deposition.inc,premium,2061.5,2660,medium,low,10,namesilo,,,24/09/2026 22:00
29e97d23-56b1-4ee0-ae0d-26f6cf833635,folds.inc,premium,2015,2600,medium,low,5,namecheap,,,30/09/2026 14:49
d0953d84-9dc3-4329-b55d-371a662a6c4c,pastel.inc,premium,2015,2600,high,low,6,namecheap,,,08/09/2026 10:04
9200cb5a-baae-4cd0-a608-88097c5092c9,steamed.inc,available,,,high,low,7,,,,
17683e19-0fb2-419e-a639-b8651f07bf80,welds.inc,premium,2061.5,2660,medium,low,5,namesilo,,,20/09/2026 14:08
11233597-144a-4d64-ab3f-28423cecf5ea,cabin.inc,premium,2061.5,2660,high,low,5,namesilo,,,24/09/2026 11:32
9b2c2515-ca9d-460e-b963-5b45be9453f1,spell.inc,premium,2015,2600,high,low,5,namecheap,,,24/09/2026 22:24
86f58382-9ce7-4872-af27-0f8c2a27a485,primacy.inc,premium,2061.5,2660,high,low,7,namesilo,,,01/10/2026 03:21
c19c7b1a-72dc-48b2-88bd-0c8d5e5db126,activate.inc,premium,1692.6,2183.84,high,low,8,porkbun,,,28/09/2026 06:46
765efb70-a040-4baa-9fab-a3def58db6c3,garner.inc,premium,2061.5,2660,high,low,6,namesilo,,,02/10/2026 05:00
9f10b468-2fe2-418b-be94-81e0e71516c2,hump.inc,premium,2061.5,2660,medium,low,4,namesilo,,,24/09/2026 11:03
d85a8dd5-ab2a-4c86-8a5f-5342745b1be0,humongous.inc,premium,2015,2600,high,low,9,namecheap,,,08/08/2026 12:58
b6da6292-d7c1-40a2-8c72-7763faa38afd,faith.inc,premium,1604.45,2070.2,high,low,5,spaceship,,,29/09/2026 18:54
2c2cc222-9035-4369-b177-54d713f88b2e,compartment.inc,premium,1604.45,2070.2,high,low,11,spaceship,,,28/09/2026 03:28
f0cea9c7-f5ed-47b4-83ae-262b873ee6c1,laggard.inc,available,279,2099,medium,low,7,namesilo,,,14/08/2026 07:32
22b21dc2-abb1-439c-986c-a33d40dab9d2,acquainted.inc,premium,2061.5,2660,high,low,10,namesilo,,,28/09/2026 07:02
6779e2da-56cf-4ac5-913e-518003c64d9b,schreiber.inc,premium,1604.45,2070.2,high,low,9,spaceship,,,29/09/2026 15:36
32b1c3cc-5c85-4ab8-b9a1-e2154aac4d20,suggesting.inc,premium,1705,2060.21,high,low,10,dynadot,,,27/09/2026 17:56
cff9f0cc-0846-474f-8236-bd5d9cb0f3ec,ria.inc,premium,2061.5,2660,high,low,3,namesilo,,,02/10/2026 02:31
e7d625cd-4b0d-4e39-a7cd-5f89b90ada19,profiled.inc,premium,2061.5,2660,medium,low,8,namesilo,,,21/09/2026 10:04
655816b5-7a62-4a1b-9996-03fc2de6d368,encyclical.inc,premium,2015,2600,medium,low,10,namecheap,,,17/08/2026 00:42
860f4b29-f561-4908-9ab9-a751d2f5e4aa,forever.inc,premium,1604.45,2070.2,high,medium,7,spaceship,,,28/09/2026 14:47
3d60741e-9a4b-43ce-901c-5971f6ed2af9,furred.inc,available,350,3799.99,medium,low,6,name.com,,,18/08/2026 18:52
136736d8-2300-4c37-81fe-1e8f8e4f9862,restaurants.inc,premium,2061.5,2660,medium,low,11,namesilo,,,29/09/2026 00:02
c1ddc4d8-5cd2-48af-ae86-c28a6c472159,complicated.inc,premium,2061.5,2660,high,low,11,namesilo,,,01/10/2026 01:52
83337ea6-b613-4698-8dde-04e890abad9b,homosexuality.inc,premium,2061.5,2660,medium,low,13,namesilo,,,29/09/2026 10:16
9ad0a81f-9590-4307-9992-e0c66b3f5558,adenovirus.inc,available,279,2099,medium,low,10,namesilo,,,17/09/2026 07:41
78de8958-57ec-4b51-bd37-1b15eff26ac9,balletic.inc,available,279,2099,medium,low,8,namesilo,,,08/08/2026 10:26
76f5772f-41c1-402c-9e87-94004a1f62b8,knife.inc,premium,2061.5,2660,high,low,5,namesilo,,,25/09/2026 23:24
d3314dfe-54e9-4bbf-8c41-ec34cc73bf5b,highlights.inc,premium,2061.5,2660,high,low,10,namesilo,,,29/09/2026 17:36
e05394e2-5f9b-49c5-ac62-07ae20968127,pizzeria.inc,premium,1604.45,2070.2,high,low,8,spaceship,,,30/09/2026 06:58
fac23ac0-036c-479c-9e0b-23d27d87c046,yarn.inc,premium,1692.6,2183.84,high,low,4,porkbun,,,29/09/2026 07:56
ab9a50b6-4541-4ea2-a082-75585ebde59f,staff.inc,premium,2061.5,2660,high,low,5,namesilo,,,30/09/2026 22:23
c6d118bf-2d79-471c-811b-7bea46b80e04,pinter.inc,premium,2015,2600,medium,low,6,namecheap,,,02/10/2026 05:11
dc46cfbf-947f-4d34-a2ce-32df3dbc6493,leyte.inc,available,258.95,2059.5,medium,low,5,spaceship,,,29/09/2026 01:34
70e021f0-ab10-4cc8-ba98-041cf77278b0,sauce.inc,premium,1604.45,2070.2,high,low,5,spaceship,,,30/09/2026 10:35
1ff7f4b4-37c0-4de4-9068-786344f6d062,pakistani.inc,premium,2015,2600,high,low,9,namecheap,,,04/09/2026 23:13
e0688340-5ab6-41c4-ac30-bcc6a8240142,geese.inc,premium,2170,2800,medium,low,5,namecheap,,,
8bfccb03-c5da-4728-a8e4-43257b4f56d8,dupree.inc,premium,2061.5,2660,medium,low,6,namesilo,,,02/10/2026 10:30
3b5d3d56-239d-4e55-85a3-217b9407382b,extremist.inc,premium,2015,2600,medium,low,9,namecheap,,,17/08/2026 19:32
e135709a-3b59-4453-9189-5852a7b4b0ee,sonya.inc,premium,2061.5,2660,medium,low,5,namesilo,,,30/09/2026 04:43
fb9b4ac1-dff1-45b5-a9ff-37a6f9a50884,extra.inc,premium,2061.5,2660,high,low,5,namesilo,,,21/09/2026 17:12
e7d35c7a-692d-4ffa-823e-0902807d3d31,generator.inc,premium,,,high,low,9,,,,28/09/2026 01:59
b84649ae-6cf4-49a4-948d-d9934aa7075c,supple.inc,premium,2015,2600,high,low,6,namecheap,,,23/08/2026 11:09
ce8d6625-ee7b-4cc0-94dd-0768c557bef4,simms.inc,premium,2061.5,2660,medium,low,5,namesilo,,,28/09/2026 16:38
9de7e7b5-7784-4624-a221-f8c90931cc59,nautical.inc,premium,2015,2600,high,low,8,namecheap,,,24/08/2026 15:58
96fa317b-80bf-4ee3-a577-7d56adca740e,jasmine.inc,available,279,2099,high,low,7,namesilo,,,08/09/2026 14:04
8c2fc4d3-0f66-4d5a-b240-47d4f910e75c,bats.inc,premium,2015,2600,high,low,4,namecheap,,,06/08/2026 20:31
0719348d-eba0-4a13-8ccf-9f2a68e58988,sticks.inc,premium,2061.5,2660,high,low,6,namesilo,,,17/09/2026 01:53
d9e2de1a-fc4e-4535-a3ea-d96bb9db7ddc,leopard.inc,premium,2061.5,2660,high,low,7,namesilo,,,28/09/2026 06:09
d53fd052-8464-4b06-9f4c-1d5ffe52547b,precedes.inc,premium,2015,2600,medium,low,8,namecheap,,,02/10/2026 22:47
2060598e-19be-4121-83c2-46d60a29fe5a,eggs.inc,premium,1604.45,2070.2,high,low,4,spaceship,,,29/09/2026 17:47
bd85c989-f8bb-4859-953d-5a8b29a4b235,razor.inc,premium,1604.45,2070.2,high,low,5,spaceship,,,30/09/2026 09:10
2b1c34bb-78ac-4ee7-aa2e-7a8c3472f93c,actuality.inc,premium,2061.5,2660,high,low,9,namesilo,,,17/09/2026 05:19
66042f1f-3267-4c85-b0a9-075feb69eacc,luz.inc,premium,1604.45,2070.2,medium,low,3,spaceship,,,28/09/2026 21:47
8da26414-a1fd-4240-a23e-0d8bfd36c682,spine.inc,premium,2061.5,2660,high,low,5,namesilo,,,28/09/2026 17:17
8c0a470a-bbd3-4d84-83ca-a53c070ab083,plugged.inc,premium,2015,2600,high,low,7,namecheap,,,08/09/2026 21:30
850e91c1-7210-425f-a6cd-0d6dfa5a3386,drifter.inc,premium,2015,2600,medium,low,7,namecheap,,,13/09/2026 00:50
157bcc4b-b722-4f5d-96b7-00b5de50edba,dully.inc,premium,2015,2600,medium,low,5,namecheap,,,14/09/2026 14:43
dd25b25a-d71a-4141-bca3-82e2f208925e,blackjack.inc,premium,2061.5,2660,high,low,9,namesilo,,,24/09/2026 00:44
336892b8-9576-4562-a887-d5bed670200c,ravaging.inc,premium,2015,2600,high,medium,8,namecheap,,,09/09/2026 10:39
3094781d-fea9-4013-97ff-be6136aa3ded,maximizing.inc,premium,2015,2600,high,low,10,namecheap,,,24/08/2026 17:56
59716c42-2a2f-44e4-997b-cad1307d7562,subhuman.inc,premium,2015,2600,medium,low,8,namecheap,,,10/09/2026 23:56
5519e054-69f3-4574-8a36-319e0c28c13c,powerless.inc,premium,2015,2600,high,medium,9,namecheap,,,09/09/2026 00:56
ea22b537-3889-4868-a6df-10febc43ddef,impulses.inc,premium,2061.5,2660,medium,low,8,namesilo,,,30/09/2026 14:13
0bf4fab1-3ef2-45e5-a1e4-a1f47146e601,away.inc,premium,2015,2600,high,low,4,namecheap,,,22/09/2026 14:52
59a310d0-7178-4c67-b47e-be162dcf193b,screws.inc,premium,2061.5,2660,medium,low,6,namesilo,,,29/09/2026 17:35
b2de8761-161b-4efb-ab5c-c823bd633558,brisbane.inc,premium,1705,2060.21,high,low,8,dynadot,,,01/10/2026 01:13
9c0d1da0-a7d8-4121-9767-9172f8a6f7da,acrobates.inc,available,498,2798,medium,low,9,namecheap,,,17/09/2026 03:18
71c7b95d-7f4f-4d57-952d-0ca0029e3bc6,refreshing.inc,premium,2015,2600,high,low,10,namecheap,,,11/08/2026 00:37
21554a98-af70-421a-9485-5978ced98402,proficiency.inc,premium,2061.5,2660,high,low,11,namesilo,,,
1a9ebf3b-b48e-46f3-95bb-18fd761c7e48,subway.inc,premium,2015,2600,high,low,6,namecheap,,,25/09/2026 23:41
a638a666-ce14-40d5-b31b-87b5482846bc,phrasal.inc,available,498,2798,high,medium,7,namecheap,,,08/09/2026 19:19
193b6d64-5dee-4c97-b88c-ab4ebd94f4f8,proposition.inc,premium,2061.5,2660,high,low,11,namesilo,,,28/09/2026 03:24
f3066db9-16ff-4d6e-ab8c-a768b7b2dbcb,toklas.inc,available,279,2099,medium,low,6,namesilo,,,18/09/2026 07:28
b2fbf1eb-4429-4a48-b175-383bfbc000ee,anchored.inc,premium,1604.45,2070.2,high,low,8,spaceship,,,30/09/2026 06:40
7179dae7-2048-45ae-96d9-b9a5f3eb1e11,nba.inc,premium,1604.45,2070.2,high,high,3,spaceship,,,27/09/2026 18:32
8a2f70ae-4733-4937-b164-9bb062876ffa,barbwire.inc,available,279,2099,medium,low,8,namesilo,,,22/09/2026 04:47
f11a6f3f-e79a-498c-b1b0-42c84be0237c,passe.inc,premium,2015,2600,medium,low,5,namecheap,,,14/08/2026 01:17
44bbaae8-6649-4bf1-8e31-c6249aa63ce3,hic.inc,premium,2061.5,2660,high,low,3,namesilo,,,01/10/2026 01:07
f4e23337-0975-4c0e-ac71-69d0e0343b07,theorist.inc,premium,2061.5,2660,high,low,8,namesilo,,,02/10/2026 15:46
e51a0cd0-1445-4836-861b-2dbf4fdc7a64,shenzhen.inc,premium,1604.45,2070.2,high,low,8,spaceship,,,29/09/2026 04:19
d8821f13-1d1d-421c-8338-9aef10c6c3ff,mindfully.inc,available,279,2099,high,low,9,namesilo,,,13/09/2026 17:29
7dbb30fa-8d4a-4c99-8de8-0b57a2880ab2,lili.inc,premium,2061.5,2660,medium,low,4,namesilo,,,30/09/2026 15:01
3fb5e037-13d1-4727-ad63-5cbc119b3d14,municipal.inc,premium,2015,2600,high,low,9,namecheap,,,03/09/2026 10:58
91ebfd5a-5d9d-4ffa-bb7b-f8dbd8f223ed,wyoming.inc,premium,1604.45,2070.2,high,low,7,spaceship,,,29/09/2026 06:48
e0638cbc-d4cb-4ad8-b3c2-8ada8d834207,aplysia.inc,available,498,2798,medium,low,7,namecheap,,,19/09/2026 17:53
487f3708-1ab0-458d-a1c9-2a7c8eb88926,johansson.inc,premium,2061.5,2660,medium,low,9,namesilo,,,29/09/2026 03:51
2e674812-bf60-41ee-9efb-5dc16db0d07f,granular.inc,premium,2015,2600,medium,low,8,namecheap,,,12/08/2026 06:52
f02741d9-d67f-4f7c-af32-428008575f67,impostor.inc,premium,2015,2600,medium,low,8,namecheap,,,09/09/2026 04:59
01cf0bab-9872-4108-9779-852205f978db,mortars.inc,premium,2061.5,2660,low,low,7,namesilo,,,21/09/2026 02:28
7b040c83-4a70-4c13-9f6d-48cdce994a1c,immigrants.inc,premium,1705,2060.21,medium,low,10,dynadot,,,29/09/2026 17:14
c21bf103-43eb-4a97-86ed-403b7c6d5fbe,bret.inc,premium,1604.45,2070.2,medium,low,4,spaceship,,,29/09/2026 03:55
aa4738a9-aeb9-4bf7-85d1-ae48b7021812,chrysostom.inc,premium,1604.45,2070.2,medium,low,10,spaceship,,,02/10/2026 00:43
f29034f0-d938-4738-a2e6-f9ee541b06b2,whipple.inc,premium,2061.5,2660,medium,low,7,namesilo,,,28/09/2026 16:10
0ab7e1c4-4fb4-4887-a48b-1de03c73e588,unearthed.inc,premium,2061.5,2660,high,low,9,namesilo,,,01/10/2026 18:37
a59c6fa9-79ad-4aba-8acf-7dd8e2d2989b,gmt.inc,premium,2061.5,2660,medium,low,3,namesilo,,,28/09/2026 14:18
82e37e78-affb-4ed7-921c-9dcfa69edff1,boozer.inc,premium,2015,2600,medium,low,6,namecheap,,,
033e8e7b-6937-487f-ac07-b0d43f4cfd20,non.inc,premium,1692.6,2183.84,medium,low,3,porkbun,,,28/09/2026 16:25
3cd65353-7853-40d2-bac8-47018d2ffca5,apartments.inc,premium,2015,2600,medium,low,10,namecheap,,,19/09/2026 20:12
d286ed4b-ceea-4f35-ae13-b50bbd8d24cc,staggering.inc,premium,2015,2600,medium,low,10,namecheap,,,10/09/2026 18:08
2bd83442-f166-4610-bb76-78accfab739b,winning.inc,premium,2015,2600,high,low,7,namecheap,,,24/09/2026 17:37
b676e55c-7668-4801-a370-4588f2ba93a2,hideous.inc,premium,2015,2600,medium,low,7,namecheap,,,21/08/2026 08:13
4d6aff63-ec6d-4bb0-ae5a-b2c79a6c0707,azonal.inc,available,279,2099,medium,low,6,namesilo,,,08/08/2026 02:27
c1c218bb-6ccb-4ff4-9c86-e31f3e9fc020,digitizer.inc,available,279,2099,high,low,9,namesilo,,,19/09/2026 01:49
d150c616-b485-46b1-94a9-5b5d8e3f3029,munitions.inc,premium,1604.45,2070.2,low,low,9,spaceship,,,02/10/2026 13:17
e710a0d2-db5e-452a-972a-592bd9a17e8d,athabascan.inc,available,498,2798,medium,low,10,namecheap,,,20/09/2026 20:23
f150d3c2-e09d-4663-976b-b0f9639994aa,steroidal.inc,available,498,2798,medium,low,9,namecheap,,,10/09/2026 20:19
d94c3799-b287-4e2f-bcbd-8593c1252454,soft.inc,premium,1604.45,2070.2,high,low,4,spaceship,,,01/10/2026 04:04
31980b99-30df-44da-a538-fd504de1c282,tennis.inc,premium,1705,2060.21,high,low,6,dynadot,,,30/09/2026 02:23
cb77fb20-5768-44e9-84a0-f5e318ceac02,shorthand.inc,premium,2015,2600,high,medium,9,namecheap,,,10/09/2026 06:49
df07f086-82ff-4433-ad2e-77b20b7d06fc,bodied.inc,premium,2015,2600,high,low,6,namecheap,,,10/08/2026 16:44
a316dd77-b8d6-4c95-9a0b-58d0326b00d2,gainly.inc,available,279,2099,medium,low,6,namesilo,,,18/08/2026 19:33
b2cc8217-c557-4d03-b33c-3f7a719f5b1f,epileptic.inc,premium,2015,2600,high,low,9,namecheap,,,17/08/2026 10:58
ccd7ccdf-650d-41d7-9ffb-3397a90050c4,backbeat.inc,available,279,2099,high,low,8,namesilo,,,21/09/2026 14:59
47a4797f-73ed-4759-99bb-fe7d1268d3a8,tissue.inc,premium,2061.5,2660,high,low,6,namesilo,,,27/09/2026 05:43
3f45b0b9-9c65-4dc4-ac98-d98636a196af,hitherto.inc,premium,2015,2600,medium,low,8,namecheap,,,13/09/2026 21:48
5a5c8bee-46ec-4e67-9d9c-dee1246382f5,bro.inc,premium,1604.45,2070.2,high,medium,3,spaceship,,,01/10/2026 01:21
4018b4e8-6a2f-4e37-a5a2-6c07d24ae187,successfully.inc,premium,1692.6,2183.84,high,low,12,porkbun,,,01/10/2026 05:17
1f4eaad9-4798-4008-adad-85268bf48b63,scsi.inc,available,258.95,2059.5,medium,low,4,spaceship,,,01/10/2026 03:36
3546a23b-d5b8-46bf-b8b4-6c03217cf169,jelly.inc,premium,2061.5,2660,high,low,5,namesilo,,,30/09/2026 00:47
c521017f-a26d-4a3b-967d-ba0a1412b36f,coffeeman.inc,available,498,2798,high,low,9,namecheap,,,02/10/2026 20:57
34362137-5486-4136-aa0d-584ce55c56b2,bigness.inc,premium,2061.5,2660,medium,low,7,namesilo,,,23/09/2026 15:14
eacdc58f-2980-42ce-a9e7-01f1b67b7a68,absalom.inc,premium,1604.45,2070.2,medium,low,7,spaceship,,,01/10/2026 23:58
ac4ebf97-a366-4b6b-b254-2fb600c88245,oatmeal.inc,premium,2061.5,2660,high,low,7,namesilo,,,29/09/2026 05:27
51b4451b-1c79-44aa-af53-d67a2ace7aea,antiphon.inc,available,350,3799.99,medium,low,8,name.com,,,19/09/2026 14:56
e77ef681-29a3-49fd-a089-e1b7a1835a62,bunghole.inc,available,279,2099,medium,low,8,namesilo,,,20/09/2026 09:34
c49cfcaa-07fd-401a-8aa2-ba1b90fb166e,ire.inc,available,279,2099,medium,low,3,namesilo,,,19/09/2026 06:05
20337205-3ea1-4657-878f-9ea67bc27613,firsthand.inc,premium,1692.6,2183.84,high,low,9,porkbun,,,01/10/2026 13:24
07825028-7b1c-41df-b78d-96bb6242ddf5,intern.inc,premium,1604.45,2070.2,high,low,6,spaceship,,,28/09/2026 14:28
2c62c97b-421d-4aed-be33-abd5b44db64b,satiric.inc,premium,2015,2600,medium,low,7,namecheap,,,09/09/2026 21:51
4bee35e9-6480-4fd3-997a-362bc068b447,baluchi.inc,available,279,2099,medium,low,7,namesilo,,,21/09/2026 23:42
31f34948-b13c-4056-8a08-cbf82aaac6b4,systems.inc,premium,1705,2060.21,high,low,7,dynadot,,,01/10/2026 14:38
4d1c6177-62e5-44e5-a0ea-27375270889b,consisting.inc,premium,1705,2060.21,medium,low,10,dynadot,,,02/10/2026 21:09
43ffdba0-a022-4a7a-a8ac-d6a0dc2ccb13,volatile.inc,premium,2061.5,2660,high,low,8,namesilo,,,24/09/2026 17:42
836a419e-2e36-4e3a-aa5a-d29d6751b610,trooper.inc,premium,2015,2600,high,low,7,namecheap,,,29/09/2026 00:23
2f8dc537-03e4-48b8-89d8-8cd362fa2aff,sexual.inc,premium,1705,2060.21,high,low,6,dynadot,,,27/09/2026 20:20
30f35584-8dd0-4da0-8b77-7f742e09b22a,rousseau.inc,premium,2061.5,2660,high,low,8,namesilo,,,01/10/2026 02:29
28d3df7c-c0ed-4a3b-9bc4-2e5e22d04fd3,charming.inc,premium,2015,2600,high,low,8,namecheap,,,12/08/2026 02:36
0a07738a-58ac-4fc5-9eda-20f9479d26a4,avaram.inc,available,279,2099,medium,low,6,namesilo,,,21/09/2026 08:40
e13069b7-92f1-4320-9f0e-d52358f3d259,cardiology.inc,premium,2061.5,2660,high,low,10,namesilo,,,02/10/2026 23:52
fcbdd207-ee69-4735-91d6-466c814ccf48,serbian.inc,premium,2015,2600,high,low,7,namecheap,,,10/09/2026 04:33
4b12cc1e-8279-47cf-bacf-7a76bdba1857,burlesque.inc,premium,2015,2600,high,low,9,namecheap,,,11/08/2026 10:40
731e1816-1603-4284-a23d-ff3c3b1e4bd8,cheeky.inc,premium,2015,2600,high,low,6,namecheap,,,11/08/2026 02:26
eac91248-0dd6-495f-9e58-7d9269691224,less.inc,premium,2061.5,2660,high,low,4,namesilo,,,25/09/2026 13:30
cbd9402a-1915-4f62-81d6-402898e3e107,uppish.inc,available,279,2099,low,low,6,namesilo,,,09/08/2026 20:46
ee6afbec-59a8-4ec9-9d3a-ff59a4edf0ef,brady.inc,premium,2015,2600,high,low,5,namecheap,,,25/09/2026 02:15
9520474a-7fa9-4829-8d9d-e947b5dc5634,adolf.inc,premium,2061.5,2660,medium,low,5,namesilo,,,29/09/2026 23:45
839683c1-1929-4811-b08b-7f163939c919,swords.inc,premium,2170,2800,medium,low,6,namecheap,,,
b6780c8b-8571-4934-a954-8874a1ff9430,ied.inc,premium,1604.45,2070.2,medium,low,3,spaceship,,,01/10/2026 20:02
6f10f552-2e85-4923-879b-c150c58de3c5,huddle.inc,premium,2061.5,2660,high,low,6,namesilo,,,02/10/2026 05:22
facfaa9b-7747-4cf8-943a-297183a4d4bc,smokers.inc,premium,1604.45,2070.2,medium,low,7,spaceship,,,02/10/2026 03:25
a10aea6d-01e3-4947-9675-5c47c66bb779,hills.inc,premium,2015,2600,high,low,5,namecheap,,,17/09/2026 17:53
114dbe28-5449-4cdd-aff5-6d921d50d11a,dod.inc,premium,2061.5,2660,high,low,3,namesilo,,,30/09/2026 01:18
dbae9c89-fcbb-4d39-985a-1a97c32cf8eb,comparable.inc,premium,2015,2600,high,low,10,namecheap,,,23/09/2026 16:34
5ad360d4-f6ce-455c-85ec-c1b4eb451d45,peal.inc,premium,2015,2600,medium,low,4,namecheap,,,09/09/2026 18:22
81ed4524-8ca6-4320-8484-af4475b8cd39,lyric.inc,premium,2015,2600,high,low,5,namecheap,,,25/09/2026 15:47
96176f6f-5411-4b29-b38d-6818badcba7c,taliban.inc,premium,2499,3799.99,high,low,7,name.com,,,27/09/2026 05:35
1defb30c-59e2-40f6-b105-d5a942cc1d2b,negatives.inc,premium,1705,2060.21,low,low,9,dynadot,,,01/10/2026 17:58
070f8384-ba1d-4234-abc9-02fb8311946c,stripping.inc,premium,2061.5,2660,medium,low,9,namesilo,,,22/09/2026 05:59
c1c94c60-a824-47c3-b188-98dd4a590a01,daryl.inc,premium,1705,2060.21,medium,low,5,dynadot,,,29/09/2026 04:03
94d3c0d4-2b59-4bfe-8694-b15bccdb7bc6,lse.inc,available,279,2099,high,low,3,namesilo,,,02/10/2026 10:00
b31d65c8-c4e7-4455-8e6a-258a4e04041d,abwatt.inc,available,279,2099,medium,low,6,namesilo,,,16/09/2026 19:39
11f263ed-f791-442f-865b-f444c0dc7866,polyphase.inc,available,279,2099,medium,low,9,namesilo,,,03/09/2026 10:52
2c26017f-4baf-4d3e-ad53-482c63ccd0b9,plush.inc,premium,2061.5,2660,high,low,5,namesilo,,,25/09/2026 15:37
d28da554-d51d-4da2-b9cb-6a6a18dbfac1,observable.inc,premium,2015,2600,high,low,10,namecheap,,,03/09/2026 23:59
4926b883-f62b-4f96-95a4-a18de1c8e513,sands.inc,premium,2015,2600,high,low,5,namecheap,,,24/08/2026 07:38
9dba89c1-d49b-4fac-8df1-e7aeb12a7e17,covalent.inc,available,279,2099,high,low,8,namesilo,,,13/08/2026 04:03
3d04d4bf-012b-46d1-9761-536ec6359c50,nymph.inc,premium,2061.5,2660,high,low,5,namesilo,,,02/10/2026 05:21
9d5b00f0-3b46-44aa-83ea-b2d78bd1b8c6,baptism.inc,premium,2015,2600,high,low,7,namecheap,,,22/09/2026 03:27
7cb0c842-137c-472b-ac16-d1b6da043413,jesuit.inc,premium,2015,2600,high,low,6,namecheap,,,22/08/2026 13:03
e8bdebf7-9638-45e1-ab6b-90d7bbdb40ce,john.inc,premium,2015,2600,high,medium,4,namecheap,,,09/09/2026 02:17
adcd3fb3-121d-43d9-b322-03b021c0cebc,pitched.inc,premium,2015,2600,high,medium,7,namecheap,,,08/09/2026 20:03
1da5d209-f239-475f-8a9e-c21b5e683894,zimmerman.inc,premium,2061.5,2660,high,low,9,namesilo,,,27/09/2026 20:41
3318b9a5-d4e3-4139-8b5f-fa28513952b2,mena.inc,premium,2015,2600,high,low,4,namecheap,,,29/09/2026 22:04
c0a68f19-58c2-40b3-933f-a94d86a12dbd,skirts.inc,premium,2015,2600,medium,low,6,namecheap,,,29/09/2026 11:11
0b01c494-eeb1-476c-946a-5cfb16e268a3,kidneys.inc,premium,1604.45,2070.2,low,low,7,spaceship,,,29/09/2026 05:38
9156d9f4-1987-4a8b-8912-de435c464faf,ernesto.inc,premium,1604.45,2070.2,medium,low,7,spaceship,,,28/09/2026 07:52
0f78559f-2e88-4e67-8297-87546dfef82a,rumble.inc,premium,2015,2600,high,low,6,namecheap,,,20/08/2026 20:36
e9c3d4b8-9686-4394-8a9c-040bcf93ea24,marist.inc,premium,1604.45,2070.2,high,low,6,spaceship,,,03/10/2026 03:43
7e5600a0-7451-4ad7-9ba9-a29a51ca4e5b,neurotoxic.inc,available,279,2099,medium,low,10,namesilo,,,03/09/2026 16:25
0c12dad5-52c0-4209-aad1-0c625c876ed9,alauda.inc,available,279,2099,high,low,6,namesilo,,,18/09/2026 02:15
fb79454d-1d33-4a2e-a6c7-a5dd7706b442,curve.inc,premium,2015,2600,high,low,5,namecheap,,,06/08/2026 15:00
da1065f6-17d5-42b3-8009-9a9bf6cef6db,squalls.inc,available,498,2798,low,low,7,namecheap,,,20/09/2026 14:16
8123097b-9b96-4b1c-9d16-f1a9bbdcaa9f,taunt.inc,premium,2015,2600,medium,low,5,namecheap,,,11/09/2026 09:13
ac456afe-0658-4143-809e-b69aef38fa93,uno.inc,premium,2015,2600,high,medium,3,namecheap,,,28/09/2026 21:47
98239413-3f20-4518-bec0-fd026eb671a4,watercraft.inc,premium,1604.45,2070.2,high,low,10,spaceship,,,02/10/2026 17:08
fc63c301-2451-4e43-81cc-18fbb3110d35,bordered.inc,premium,2015,2600,medium,low,8,namecheap,,,22/09/2026 23:55
b42a9b09-4cc0-4c29-8268-c872a7d491f7,amara.inc,premium,2061.5,2660,high,low,5,namesilo,,,03/10/2026 04:52
fd3afc73-5ac1-4625-ba23-55437ef4b0c0,slovakian.inc,available,279,2099,medium,low,9,namesilo,,,10/09/2026 11:16
ed462b09-b1a5-4d80-805f-5c676411e7ff,satisfied.inc,premium,2061.5,2660,high,low,9,namesilo,,,27/09/2026 09:14
0f27cc82-ab6b-478a-abb2-8c274d1b05d3,wisent.inc,available,279,2099,medium,low,6,namesilo,,,21/09/2026 04:34
b9b3edd8-c2dc-4496-952f-4c147f1b6747,shipley.inc,premium,1604.45,2070.2,medium,low,7,spaceship,,,29/09/2026 09:53
da97aedd-c300-452e-84e4-0e0fc061f115,francs.inc,premium,2061.5,2660,medium,low,6,namesilo,,,28/09/2026 13:09
b71acd81-d89f-4b07-922f-6e0c3648e6e9,sportsman.inc,premium,2015,2600,high,low,9,namecheap,,,01/10/2026 21:45
f41483bd-5c97-40bb-a605-53f29bdd667a,tris.inc,premium,1604.45,2070.2,high,low,4,spaceship,,,30/09/2026 12:39
bc02e752-9629-442c-934d-c8ff197ae9e1,effortful.inc,available,279,2099,medium,low,9,namesilo,,,15/08/2026 16:20
73afca81-fba8-4b49-93c1-4e142e93a9ca,fruitless.inc,premium,2015,2600,medium,low,9,namecheap,,,10/08/2026 19:39
4bcdd0c0-53ea-4baf-bf6b-43c10f6f0d76,teeming.inc,premium,2015,2600,medium,low,7,namecheap,,,11/09/2026 10:05
3458f1b3-d66f-4ba2-942b-a8c73126cc18,dine.inc,premium,1604.45,2070.2,high,low,4,spaceship,,,29/09/2026 14:13
0e2d45ca-b66b-4344-9ba1-929d50a8ed1c,grandfather.inc,premium,2015,2600,high,low,11,namecheap,,,30/09/2026 22:05
0b13c22d-7104-4405-bd9b-505cbaf2df21,winds.inc,premium,2061.5,2660,medium,low,5,namesilo,,,27/09/2026 22:44
e121ae35-cff5-4077-9276-d68fd00a2d14,caen.inc,premium,2015,2600,medium,low,4,namecheap,,,29/09/2026 09:32
cfc02ee8-fb14-4383-951e-8aeae09e818e,accolade.inc,premium,2061.5,2660,high,low,8,namesilo,,,16/09/2026 22:45
e530c659-e321-4966-8614-d7e79cbc000d,atomism.inc,available,279,2099,medium,low,7,namesilo,,,21/09/2026 00:24
8ea6fb23-c7e8-431e-a97f-d552fb0908d6,oswald.inc,premium,2499,3799.99,high,low,6,name.com,,,25/09/2026 08:53
e8070c6c-1635-43e3-b645-ef250466039a,loon.inc,premium,2061.5,2660,high,low,4,namesilo,,,17/09/2026 07:03
33fea5cf-beaa-4fec-8dc7-182b3d14b4b3,skillful.inc,premium,2499,3799.99,high,low,8,name.com,,,21/09/2026 17:27
84fe87a1-d942-4240-b92b-8558f92f6ca7,dizzy.inc,premium,2015,2600,high,low,5,namecheap,,,
088aad56-77bc-45fb-8f8c-61e7f8e3c9b3,discerning.inc,premium,2015,2600,high,low,10,namecheap,,,06/08/2026 08:23
b025d0c3-ee0b-4924-abb5-0e6faa14fa36,cellini.inc,available,279,2099,medium,low,7,namesilo,,,23/09/2026 08:47
95d57862-382e-4894-9703-9a4f2b9bad58,poverty.inc,premium,2061.5,2660,medium,low,7,namesilo,,,29/09/2026 23:35
d862e667-e9bf-4639-a7ef-027887f11fa4,projective.inc,available,257.98,2060.25,high,low,10,porkbun,,,30/09/2026 03:59
5ef1910f-1f7f-43ba-a5c7-c67779ca6f5f,alibi.inc,premium,2015,2600,high,low,5,namecheap,,,18/09/2026 07:24
a213a7b5-91a4-4d96-b13d-f9a8aaeec0c6,ignition.inc,premium,2061.5,2660,high,low,8,namesilo,,,28/09/2026 10:06
a11edf9b-d0e1-49fd-9a46-d3eb7229dbf4,juana.inc,premium,2061.5,2660,medium,low,5,namesilo,,,29/09/2026 09:44
efb67bdf-f6dc-423b-afc7-c39b3543ac3d,hitless.inc,available,279,2099,medium,low,7,namesilo,,,20/08/2026 15:56
cd3672f6-9006-46df-ad7f-f32f1723763f,regnant.inc,available,279,2099,high,medium,7,namesilo,,,09/09/2026 12:56
fdca5d12-a9d0-4082-95e2-d31656d634d8,cob.inc,premium,2061.5,2660,high,low,3,namesilo,,,23/09/2026 23:42
4a67fad2-3f62-4bf8-957d-e3ca5ba243c9,fremantle.inc,available,257.98,2060.25,high,low,9,porkbun,,,29/09/2026 23:48
8865e7f0-39c2-4154-9c22-73ffea61704e,dbs.inc,premium,1604.45,2070.2,high,low,3,spaceship,,,01/10/2026 10:18
37e34627-46ed-4afe-91b2-7898f513ed29,polyglot.inc,premium,2015,2600,high,low,8,namecheap,,,08/09/2026 23:17
918aae32-e45e-4a4d-9f3f-52ec2f46e079,convoy.inc,premium,1604.45,2070.2,medium,low,6,spaceship,,,28/09/2026 13:45
cde5e662-9ffa-40a3-ad5f-a850f01449d1,apathy.inc,premium,2061.5,2660,medium,low,6,namesilo,,,19/09/2026 16:17
33f416c7-ed14-4773-a178-6906498e2c58,asphyxia.inc,available,279,2099,medium,low,8,namesilo,,,20/09/2026 15:10
7dba3b40-b0b5-46d3-91d1-f025062d0409,sweeter.inc,premium,1604.45,2070.2,medium,low,7,spaceship,,,02/10/2026 13:05
5f3618e9-273e-42da-b2d0-8d40188a711d,wigmore.inc,available,279,2099,medium,low,7,namesilo,,,30/09/2026 22:00
f8a9590f-2248-4796-a158-493eef2538f3,reverse.inc,premium,2061.5,2660,high,low,7,namesilo,,,23/09/2026 22:34
c32713d7-f86d-4c4c-8ebc-99b521fbefe9,admissible.inc,premium,2015,2600,high,low,10,namecheap,,,
a610524a-f2ed-40fc-8720-17096d563b1f,oscillations.inc,premium,2061.5,2660,low,low,12,namesilo,,,28/09/2026 12:58
6c3dc12d-492b-42d9-901b-6ef703ef822c,cadmium.inc,premium,2015,2600,high,low,7,namecheap,,,11/08/2026 22:59
968bbb9d-a255-47b0-abd5-6d4384456cf1,tipton.inc,premium,1604.45,2070.2,medium,low,6,spaceship,,,29/09/2026 04:26
c0d34736-3d54-4fe6-801e-5552a84b3b26,intersection.inc,premium,1604.45,2070.2,high,low,12,spaceship,,,30/09/2026 23:46
e7376318-173c-41a4-99e2-4811a00fcfb4,attacked.inc,premium,2061.5,2660,medium,low,8,namesilo,,,25/09/2026 20:43
b8147e69-440e-4cc2-9cf7-f558967bc2ac,burnley.inc,available,258.95,2059.5,medium,low,7,spaceship,,,29/09/2026 15:51
c11a1256-09ee-4a5f-9bf8-3052767b936d,crocked.inc,available,279,2099,low,low,7,namesilo,,,09/08/2026 15:34
bd7d5db1-5765-4778-a2d0-6e408acbb2dd,nkvd.inc,available,258.95,2059.5,medium,low,4,spaceship,,,30/09/2026 04:47
61119af2-1975-49e4-9973-299ac078b131,cocksure.inc,available,279,2099,medium,low,8,namesilo,,,12/08/2026 15:00
8b83550d-b4ad-45c8-b63b-b25e8171e712,weekends.inc,premium,2061.5,2660,high,low,8,namesilo,,,20/09/2026 22:23
05a472b7-d60c-46e6-aab0-7c91bf40f3cc,poultry.inc,premium,2015,2600,high,low,7,namecheap,,,24/09/2026 23:24
a25779d8-d701-4826-8cfe-dc54ae71dd5d,dave.inc,premium,1692.6,2183.84,high,medium,4,porkbun,,,02/10/2026 01:18
6efe7a0d-7d42-40bd-82da-0ef854a33e5c,gainsborough.inc,available,279,2099,medium,low,12,namesilo,,,30/09/2026 12:38
03aa2cd7-2c1a-473c-bb7d-12ad8c4ac04a,indic.inc,available,279,2099,medium,low,5,namesilo,,,22/08/2026 03:16
32cbec82-9830-4781-8a12-c11db9d691a1,insouciant.inc,available,350,3799.99,medium,low,10,name.com,,,11/08/2026 20:34
e643d5f9-066d-47f3-b470-3ba73c5c4d78,unfounded.inc,premium,2015,2600,medium,low,9,namecheap,,,08/08/2026 21:57
53930e12-db03-4d83-8f59-39ede3899b48,battue.inc,available,498,2798,medium,low,6,namecheap,,,22/09/2026 16:30
93d87d54-5e0f-4e05-b6a4-0a47c6f0f61c,landscape.inc,premium,1705,2060.21,high,low,9,dynadot,,,01/10/2026 20:25
033f5f07-8508-4ec4-81d0-157b88f7a499,alerted.inc,premium,2061.5,2660,high,low,7,namesilo,,,30/09/2026 04:16
af5674fc-b017-48b6-bb7b-c6221c4de70d,prowlers.inc,available,498,2798,low,low,8,namecheap,,,20/09/2026 12:42
772fafae-bd03-4e78-923c-02c6e38a3f4f,nelly.inc,premium,1604.45,2070.2,high,low,5,spaceship,,,02/10/2026 17:33
89028f22-1665-482c-88fe-125efd8b3acd,critical.inc,premium,2015,2600,high,low,8,namecheap,,,24/09/2026 02:02
bfaa0139-d3b6-49ae-bd1b-227d25e48e8c,evocative.inc,premium,2015,2600,high,low,9,namecheap,,,17/08/2026 15:14
9e35b1d2-5413-4979-88d3-6ae94b46e25c,agonising.inc,available,,,medium,low,9,,,,
9cea101e-deda-46e7-b001-f07f9d0fcb2e,nonplussed.inc,premium,2015,2600,medium,low,10,namecheap,,,07/08/2026 10:48
49f0c835-b8bb-4418-9043-d7c5c6c08311,pavement.inc,premium,1604.45,2070.2,high,low,8,spaceship,,,29/09/2026 07:50
7c9bc581-06d8-4cf8-bf85-e13ad2013523,skate.inc,premium,2061.5,2660,high,low,5,namesilo,,,28/09/2026 06:45
7b002f8e-b468-4e46-a8b8-226c865f2cf5,imply.inc,premium,1604.45,2070.2,high,low,5,spaceship,,,29/09/2026 00:48
13ed3cdf-8d35-48d9-9665-042d035c9050,lra.inc,premium,1604.45,2070.2,high,low,3,spaceship,,,02/10/2026 07:11
86fd5951-c45c-434b-a289-f7c89c0925f3,toughie.inc,available,279,2099,high,medium,7,namesilo,,,09/09/2026 06:05
173189b8-d6aa-403e-80ae-21613f84a2e2,nathalie.inc,premium,1604.45,2070.2,medium,low,8,spaceship,,,02/10/2026 00:05
a25e97ce-d7af-46b2-bf3d-10c05da98969,anasazi.inc,premium,2061.5,2660,medium,low,7,namesilo,,,19/09/2026 03:16
2c22a103-559c-4b40-a57e-d3c34f73fdf9,behold.inc,premium,1692.6,2183.84,high,low,6,porkbun,,,28/09/2026 15:34
84d87de2-9929-47d4-ae64-ba1d9d8ecb6d,treasonous.inc,premium,2015,2600,medium,low,10,namecheap,,,17/08/2026 21:20
fbd0194f-1781-473d-92aa-78bedca71460,tutelary.inc,available,350,3799.99,medium,low,8,name.com,,,13/08/2026 12:21
4f54e854-f626-4684-b77e-71a1becfe5ab,undisturbed.inc,premium,1705,2060.21,high,low,11,dynadot,,,30/09/2026 12:13
96fc544a-a07e-4411-be47-ea37a2008308,polydactyl.inc,available,279,2099,medium,low,10,namesilo,,,08/09/2026 23:13
7912ce92-eb68-4da0-ac56-ade053a4209e,ante.inc,premium,2061.5,2660,high,low,4,namesilo,,,19/09/2026 12:39
55522f8e-16f8-4073-96c8-58c7071f6b94,draconian.inc,premium,2015,2600,medium,low,9,namecheap,,,14/08/2026 18:10
d148c5e3-f8c7-4d4b-80f1-06953401b4a1,cass.inc,premium,2061.5,2660,high,low,4,namesilo,,,29/09/2026 14:59
03ab7d73-f82d-4898-a09b-5e530594836c,crucifix.inc,premium,1604.45,2070.2,high,low,8,spaceship,,,30/09/2026 16:50
9cad85fd-0752-45f9-8c15-cfb409f45337,imagine.inc,premium,2061.5,2660,high,medium,7,namesilo,,,29/09/2026 21:41
4f3723f0-eaf6-421b-84f1-65942fbe6671,moshe.inc,premium,2061.5,2660,medium,low,5,namesilo,,,28/09/2026 12:12
75a985e0-52de-4504-8851-ef99035327c9,shuffle.inc,premium,2061.5,2660,high,low,7,namesilo,,,29/09/2026 13:56
b958fcc6-670f-44e2-b022-2bd55942b0b8,toon.inc,premium,2061.5,2660,high,low,4,namesilo,,,19/09/2026 09:01
32f065a8-4132-4eca-be01-b336654a2e6b,monterrey.inc,premium,1604.45,2070.2,medium,low,9,spaceship,,,28/09/2026 14:54
0f4d3d8c-e176-494d-8a1b-40ac2f4f722a,wesleyan.inc,premium,2015,2600,high,low,8,namecheap,,,24/08/2026 22:00
4c83b400-62f6-4c15-87bc-97b5f60fcddd,polybius.inc,available,258.95,2059.5,medium,low,8,spaceship,,,02/10/2026 10:41
5bb9f855-b192-42d7-b40d-82b77ff8f33b,submitted.inc,premium,2061.5,2660,medium,low,9,namesilo,,,29/09/2026 10:53
8ac844b1-9402-4553-a2bd-f9b1bd0a26fb,capitalist.inc,premium,2015,2600,high,low,10,namecheap,,,11/08/2026 17:55
505bc543-9d47-4f13-9b46-a3a80c5caae3,impede.inc,premium,2015,2600,medium,low,6,namecheap,,,21/08/2026 09:28
97087997-fa5c-4dd9-adf2-1df0eb97392a,fanatical.inc,premium,2015,2600,high,medium,9,namecheap,,,17/08/2026 21:50
9578c2bd-614c-4fef-bc28-5cdfa167f986,magnesium.inc,premium,2061.5,2660,high,low,9,namesilo,,,20/09/2026 22:22
41585a12-ca5d-4a0d-8590-d5454f9ac082,trousers.inc,premium,2061.5,2660,high,low,8,namesilo,,,
62516716-f2f2-4683-bfb5-debe40d4cbca,estelle.inc,premium,1604.45,2070.2,medium,low,7,spaceship,,,29/09/2026 03:59
053f828a-4d46-4e95-8ff1-634692dc3a0b,coolest.inc,premium,2061.5,2660,high,low,7,namesilo,,,02/10/2026 13:53
0aacfcf2-5e96-4690-b117-01bfb03b5783,oks.inc,available,279,2099,medium,low,3,namesilo,,,21/09/2026 06:13
cb3e8e4a-c6c9-4402-b77e-82bbbe8ca0c8,dogged.inc,premium,2015,2600,medium,low,6,namecheap,,,14/08/2026 14:54
412061d4-ff5c-4d64-9b18-9f1fab9f29a2,coupling.inc,premium,2061.5,2660,high,low,8,namesilo,,,30/09/2026 16:49
7f5271c0-1f6a-4b29-a62c-e68c3e84ba04,mansions.inc,premium,1604.45,2070.2,medium,low,8,spaceship,,,01/10/2026 17:28
f5ace67e-a8c3-4394-9569-91f5cb8aca75,anointer.inc,available,279,2099,medium,low,8,namesilo,,,19/09/2026 11:18
cf50835f-8221-4944-8871-74599cd979bb,installment.inc,premium,2061.5,2660,high,low,11,namesilo,,,30/09/2026 19:52
ce3d829b-00ec-42ec-b0e7-b485037d7997,grip.inc,premium,1604.45,2070.2,high,low,4,spaceship,,,28/09/2026 18:31
0fad043a-fbe2-4072-9a5a-c909214618f9,berm.inc,premium,2015,2600,medium,low,4,namecheap,,,23/09/2026 09:41
6913c7bd-dc5c-4628-a089-9cbcf25026f7,obdurate.inc,available,350,3799.99,medium,low,8,name.com,,,13/08/2026 12:15
6417fbf0-6def-4084-9e92-f8ac9934fdf7,golan.inc,premium,1692.6,2183.84,medium,low,5,porkbun,,,30/09/2026 01:46
ef434d86-b77f-4c87-b33d-558eddf3c7f8,mcnamara.inc,premium,2499,3799.99,medium,low,8,name.com,,,27/09/2026 08:09
f569f9b5-ac7b-4303-8674-dacb7d0118b6,globe.inc,premium,2061.5,2660,high,low,5,namesilo,,,28/09/2026 01:49
c0279830-b8fd-4d40-8e28-52c31cb50b08,ginny.inc,premium,1604.45,2070.2,high,low,5,spaceship,,,02/10/2026 18:21
9bf43472-3449-4d7e-9770-f4cf02f8ab39,knives.inc,premium,2061.5,2660,medium,low,6,namesilo,,,28/09/2026 05:00
1022dce3-c989-47b3-92f6-42a04cb1eb46,biddable.inc,available,279,2099,high,low,8,namesilo,,,
c1c68f83-9c65-4da5-8348-40290f6bcf89,propellant.inc,premium,2015,2600,high,low,10,namecheap,,,09/09/2026 03:26
f6e88fee-9a0f-4b76-99cd-8089a24fcbbe,nigel.inc,premium,2061.5,2660,high,low,5,namesilo,,,27/09/2026 17:08
9f0e3ccf-8333-49da-93fb-9611df659301,nagano.inc,premium,1604.45,2070.2,medium,low,6,spaceship,,,30/09/2026 18:06
18a55ac1-bff8-47b5-987c-c5100be90cdc,reciprocal.inc,premium,2015,2600,high,low,10,namecheap,,,09/09/2026 11:29
7882daf0-f20e-4441-b9b2-2e24601f06d0,onslow.inc,premium,1604.45,2070.2,medium,low,6,spaceship,,,02/10/2026 01:05
dabce1c3-6a73-4631-931e-9b3340297996,republican.inc,premium,2015,2600,high,low,10,namecheap,,,09/09/2026 14:43
37e2c3c3-e8bf-47de-9ba1-d53d26ad99a1,unkind.inc,premium,2015,2600,medium,low,6,namecheap,,,12/09/2026 14:11
56400a06-9c2f-4ee9-8110-792f482590a3,vitrified.inc,available,279,2099,medium,low,9,namesilo,,,13/09/2026 06:20
91f60d8c-4833-4052-944c-549add91f47f,basaltic.inc,available,279,2099,medium,low,8,namesilo,,,08/08/2026 21:29
dfea0095-5ee4-4f74-8ff9-20e3c88a2781,famine.inc,premium,2061.5,2660,medium,low,6,namesilo,,,29/09/2026 12:01
9a3b8e99-075e-4b98-a20d-6c9230720852,goofproof.inc,available,279,2099,high,low,9,namesilo,,,18/08/2026 10:41
d02949c8-9dde-4d3d-9725-a870f6598db8,contradiction.inc,premium,1604.45,2070.2,medium,low,13,spaceship,,,29/09/2026 15:55
5712537f-6a60-4dd7-b079-f0665bc1dbfe,anarchist.inc,premium,2061.5,2660,high,low,9,namesilo,,,19/09/2026 02:24
e8f2a848-c7b4-4b2c-a4a9-a754ffc14b6c,hyaline.inc,available,279,2099,medium,low,7,namesilo,,,21/08/2026 16:06
4181c61c-c896-47ab-810e-765254fd9fb6,absently.inc,premium,2015,2600,medium,low,8,namecheap,,,13/09/2026 16:41
c892006f-0db2-471d-8ffd-de20e1d178bd,anisotropy.inc,available,279,2099,medium,low,10,namesilo,,,19/09/2026 09:38
929c805f-7e87-40e6-aa1e-b69f6c100adb,macleod.inc,premium,1604.45,2070.2,medium,low,7,spaceship,,,28/09/2026 02:12
29cfe438-5961-4206-be51-8454806411a1,way.inc,premium,2061.5,2660,high,low,3,namesilo,,,27/09/2026 15:08
9f898b85-23b0-488d-b4db-409a97a7355e,occur.inc,premium,2061.5,2660,high,low,5,namesilo,,,29/09/2026 22:05
6202d504-f07d-4fda-95a0-814aca24ee9d,backspacer.inc,available,279,2099,medium,low,10,namesilo,,,21/09/2026 16:02
e2a2afdf-5677-4f7e-a372-b29b3c545566,unsized.inc,available,498,2798,medium,low,7,namecheap,,,12/09/2026 20:00
4ad619ba-eb26-4d14-bf5c-1db1ddd33310,spartans.inc,premium,2061.5,2660,medium,low,8,namesilo,,,02/10/2026 02:39
7de2c603-42b1-4e08-84b1-0998c9c1c628,fuckster.inc,available,279,2099,medium,low,8,namesilo,,,02/10/2026 05:00
75c1b200-7d5c-47c2-9427-9c82cf722416,menial.inc,premium,2015,2600,medium,low,6,namecheap,,,24/08/2026 20:12
02327924-e304-47ab-8db1-5927b16e1bd4,prefers.inc,premium,2015,2600,medium,low,7,namecheap,,,20/09/2026 07:15
8e095793-3178-4498-acc2-b8576d1b622a,connecting.inc,premium,1692.6,2183.84,medium,low,10,porkbun,,,28/09/2026 22:52
9aea41b2-412b-4dd7-a4f6-280d659fb19d,aras.inc,available,279,2099,medium,low,4,namesilo,,,20/09/2026 00:22
3df01d92-b21b-4c7c-90b0-1691c80c4d53,acarine.inc,available,498,2798,medium,low,7,namecheap,,,16/09/2026 21:33
07b0d21a-bf9e-4c01-954b-16a769ae1a35,jamesian.inc,available,279,2099,medium,low,8,namesilo,,,22/08/2026 12:13
9bd0631c-ef38-4a9f-bcf0-34f6144131c3,twentieth.inc,premium,2061.5,2660,high,low,9,namesilo,,,21/09/2026 12:27
cde9eeb1-5942-465e-ab52-e9e088cc0dd6,ponder.inc,premium,2061.5,2660,high,low,6,namesilo,,,01/10/2026 20:42
f7096a78-120b-4657-8e28-19ead282b9c4,jut.inc,premium,2015,2600,medium,low,3,namecheap,,,22/08/2026 14:56
809a3274-f868-4ee3-bd33-ed7d1768dda6,balas.inc,available,498,2798,medium,low,5,namecheap,,,21/09/2026 21:07
0ef109ea-ba04-4df4-907b-2d3a37e85fbe,caught.inc,premium,2061.5,2660,high,low,6,namesilo,,,
e48d9b73-57af-47f0-912c-02f28789988e,engineered.inc,premium,1604.45,2070.2,high,low,10,spaceship,,,29/09/2026 14:48
e8f9eadb-45cc-418f-9835-b0095a6b1e14,instruction.inc,premium,2061.5,2660,high,low,11,namesilo,,,02/10/2026 05:30
83570aca-e99e-47c3-b45e-f686ff69509c,beijing.inc,premium,2499,3799.99,high,low,7,name.com,,,23/09/2026 04:10
2c6c3420-ee3b-431f-9be6-ae238e1d5575,algebraist.inc,available,279,2099,medium,low,10,namesilo,,,18/09/2026 06:55
f39f630e-ba57-4936-8f60-f6baca6e38ee,recognized.inc,premium,2061.5,2660,high,low,10,namesilo,,,21/09/2026 15:28
675ba87d-c298-4b6a-9484-9b184723b89c,uri.inc,premium,1604.45,2070.2,high,low,3,spaceship,,,28/09/2026 21:32
a2d16267-6b07-4a7b-8a03-b9486aa99f49,hyaloid.inc,available,279,2099,medium,low,7,namesilo,,,21/08/2026 16:08
71c52870-184a-4df9-9280-7e91e9a6b0bb,engrossing.inc,premium,2015,2600,high,low,10,namecheap,,,
87d07b24-e80e-4ddc-9133-496a8c68848b,seedcase.inc,available,279,2099,medium,low,8,namesilo,,,12/08/2026 15:07
8606194e-c074-4f0b-8908-1bc94f78805f,messengers.inc,premium,2061.5,2660,medium,low,10,namesilo,,,02/10/2026 12:48
288ec666-9ecb-46ed-8b5b-453a2a92e99e,candied.inc,premium,2015,2600,medium,low,7,namecheap,,,11/08/2026 16:48
bb9a18de-e7a3-4502-b173-b4deac3fff5a,shenyang.inc,available,279,2099,high,low,8,namesilo,,,02/10/2026 04:49
e2c4c72c-1456-4586-ae89-e450d1b5f01c,precious.inc,premium,2015,2600,high,low,8,namecheap,,,12/08/2026 04:19
c28dd275-c777-4891-b78a-9db5a1018a83,cary.inc,premium,2061.5,2660,high,low,4,namesilo,,,25/09/2026 12:59
3f027011-a185-435f-889e-79a8d087f6d3,incense.inc,premium,1692.6,2183.84,high,low,7,porkbun,,,29/09/2026 19:17
53a0cc9c-0529-433b-ab8d-653173cfdbd7,astrology.inc,premium,2015,2600,high,low,9,namecheap,,,20/09/2026 17:48
f5d96cbf-fb56-4e7e-b050-61a4ea0f577a,vaughan.inc,premium,2061.5,2660,high,low,7,namesilo,,,25/09/2026 10:35
aa52e213-8d7e-4b86-a0c9-dd12c96aa355,peaky.inc,available,279,2099,medium,low,5,namesilo,,,08/09/2026 11:10
a03f7a15-cf57-4459-bfca-8426e127e821,constitutes.inc,premium,1604.45,2070.2,low,low,11,spaceship,,,30/09/2026 00:12
2f772eab-29a5-47fe-9fb7-aa9e4622f258,laborers.inc,premium,1604.45,2070.2,medium,low,8,spaceship,,,02/10/2026 03:32
8a67518d-c269-44ca-8db8-09ed4a00f4b7,craftsmanship.inc,premium,2061.5,2660,medium,low,13,namesilo,,,01/10/2026 16:14
d24d6d16-87ad-476f-9d82-7e01d06b26ba,horsham.inc,available,279,2099,medium,low,7,namesilo,,,02/10/2026 10:26
243671d3-6033-4460-a627-fc68499fa723,mallet.inc,premium,2061.5,2660,high,low,6,namesilo,,,02/10/2026 05:43
66c4d865-dfbc-4d9a-b328-80ad70c3a1e9,maddie.inc,premium,1692.6,2183.84,high,low,6,porkbun,,,01/10/2026 11:42
a5ce8089-f2ee-49ed-bf8f-c591a01272c4,jockstrap.inc,available,498,2798,medium,low,9,namecheap,,,20/09/2026 21:10
694e40c7-2e85-4fd3-b2dc-0dca3648a399,sounded.inc,premium,2061.5,2660,medium,low,7,namesilo,,,
6e4d9bea-af74-44eb-bdd3-0cbf620b714e,mojo.inc,premium,2061.5,2660,high,medium,4,namesilo,,,30/09/2026 04:53
11e48373-dec7-436d-a87d-3c47d1fbac9e,norse.inc,premium,2015,2600,high,low,5,namecheap,,,03/09/2026 21:11
194bd15f-2a5f-4b19-97e9-b8d8304c3ed9,ascend.inc,available,279,2099,high,medium,6,namesilo,,,30/09/2026 03:12
c989d406-3285-48d2-837d-86e8b65908f1,managers.inc,premium,2061.5,2660,high,low,8,namesilo,,,20/09/2026 10:01
a61bcad4-e71c-4b9a-8f1d-7dd3b3e536aa,formicary.inc,available,279,2099,medium,low,9,namesilo,,,19/09/2026 13:26
e4a5e565-a058-467e-86f1-bde218e80623,careers.inc,premium,2061.5,2660,high,low,7,namesilo,,,28/09/2026 23:00
1c5761c5-c911-445f-9f65-fc6511886933,inwardly.inc,premium,2015,2600,medium,low,8,namecheap,,,15/09/2026 09:18
f3d46f5a-5227-46e4-ad12-12d96b2c1c89,idealistic.inc,premium,2015,2600,high,low,10,namecheap,,,17/08/2026 15:48
9ea2b696-c137-4251-939f-7af6f4896422,reusable.inc,premium,2015,2600,high,low,8,namecheap,,,09/09/2026 11:33
573bfc92-863b-4f47-af49-329e90c60ba8,bremen.inc,premium,2061.5,2660,high,low,6,namesilo,,,25/09/2026 21:59
d45d295d-4bd9-460f-b497-a66ea43a58ae,auditorium.inc,premium,2061.5,2660,high,low,10,namesilo,,,21/09/2026 03:13
0a26b38d-89c9-469b-9abb-a879b5d8a928,picture.inc,premium,2015,2600,high,low,7,namecheap,,,24/09/2026 16:54
74a50de9-28c5-45d3-8df2-3b4ed9f3c28d,militaire.inc,available,279,2099,high,low,9,namesilo,,,03/10/2026 03:27
7c6d1057-dfad-4786-92a1-ff64bcef28f8,injunction.inc,premium,1604.45,2070.2,high,low,10,spaceship,,,29/09/2026 18:16
0c24db2d-4182-453b-a458-cef00c032c7e,aurally.inc,available,279,2099,medium,low,7,namesilo,,,13/09/2026 22:46
af8d8b2c-2d10-478d-80c0-0e93703ac266,withdrawn.inc,premium,2015,2600,medium,low,9,namecheap,,,22/08/2026 03:25
c3ac1e2b-00fa-4f50-83c4-75da1b0942c7,destroy.inc,premium,2061.5,2660,high,low,7,namesilo,,,25/09/2026 10:30
9be5bc07-4c34-49c4-aa64-f6b7ce4e9fa4,rooting.inc,premium,2061.5,2660,high,low,7,namesilo,,,02/10/2026 06:17
d1e04015-42c3-4fc5-88a4-84dc59861797,olives.inc,premium,2061.5,2660,medium,low,6,namesilo,,,20/09/2026 04:34
868dc69f-ea08-4218-9392-761a9822f559,bremer.inc,premium,2061.5,2660,high,low,6,namesilo,,,30/09/2026 04:16
3b1b5a3a-fd39-4bf4-b408-4513a2d31e3c,delle.inc,premium,2061.5,2660,medium,low,5,namesilo,,,28/09/2026 07:54
d132aa74-fc11-4ceb-b53c-56aad1dea822,ataturk.inc,premium,2015,2600,high,low,7,namecheap,,,20/09/2026 19:44
22afcf2a-b0ce-4fa3-9840-282ae4ac3031,recognition.inc,premium,1604.45,2070.2,high,low,11,spaceship,,,02/10/2026 21:11
afc77ecf-dab6-4905-9083-6265e4354642,disastrous.inc,premium,2015,2600,medium,low,10,namecheap,,,11/08/2026 13:30
564884e0-b99b-4890-bdf5-aa56f8c0fb5e,abandonment.inc,premium,1604.45,2070.2,medium,low,11,spaceship,,,29/09/2026 22:48
ca24f99a-edf0-456e-823a-36ef41964915,refrigerator.inc,premium,2061.5,2660,high,low,12,namesilo,,,01/10/2026 01:17
c436ce3a-7475-4871-9956-4987ad2f300f,melancholy.inc,premium,2015,2600,high,low,10,namecheap,,,25/09/2026 19:05
51a64d3e-acde-486b-9eb0-45efbc5e983e,kermit.inc,premium,2061.5,2660,medium,low,6,namesilo,,,30/09/2026 13:00
782f1514-3d3e-4a78-b14e-957963255735,supersize.inc,available,257.98,2060.25,high,low,9,porkbun,,,01/10/2026 23:38
76116a08-58c8-4aea-8124-66c3b381442c,expected.inc,premium,2015,2600,high,low,8,namecheap,,,17/08/2026 18:04
323caf0a-b90f-41aa-9801-b6fa9fee0449,misconception.inc,premium,1604.45,2070.2,medium,low,13,spaceship,,,02/10/2026 11:17
30b5e3fc-aeb6-4147-bca1-5f2d5a9de262,coupons.inc,premium,2061.5,2660,medium,low,7,namesilo,,,21/09/2026 07:55
bb70f574-496a-46c4-b632-4c115e8ab70b,responsive.inc,premium,2061.5,2660,high,low,10,namesilo,,,22/09/2026 06:49
e7e46be5-e7a4-4a93-9011-5c6f3ff398cb,potion.inc,premium,1604.45,2070.2,high,low,6,spaceship,,,29/09/2026 20:02
3e3c02a8-8d96-49db-98f0-7f415fc16e68,impulsive.inc,premium,2015,2600,high,low,9,namecheap,,,11/08/2026 01:34
7885e3a4-7390-4c7d-b584-f6b41dc5c577,skid.inc,premium,2061.5,2660,high,low,4,namesilo,,,30/09/2026 08:49
028f0f98-56c5-42c6-b241-da33d4dd85f5,dalliance.inc,premium,2015,2600,medium,low,9,namecheap,,,11/09/2026 19:38
2770a3ac-989b-4f78-9653-034920e6c472,insulting.inc,premium,2061.5,2660,medium,low,9,namesilo,,,23/09/2026 21:52
8e899fa0-943a-4efc-8196-33f5d0ec4537,sink.inc,premium,1604.45,2070.2,high,low,4,spaceship,,,29/09/2026 07:50
37fc6581-26a9-4c66-a40f-3894f0ee16b9,csm.inc,premium,1692.6,2183.84,high,low,3,porkbun,,,30/09/2026 20:24
65bd0198-89b2-4e3d-8a28-bfe586e09423,palacios.inc,available,498,2798,medium,low,8,namecheap,,,02/10/2026 20:39
e881be42-0708-4a52-9f63-a4f13ecb86c5,challenged.inc,premium,2061.5,2660,medium,low,10,namesilo,,,28/09/2026 11:21
94a1551f-a640-4e26-bc6b-98b4c5610b95,rudy.inc,premium,2061.5,2660,high,low,4,namesilo,,,27/09/2026 07:02
313358dc-30bb-46c8-b900-936e44db9ab9,wylie.inc,premium,2061.5,2660,medium,low,5,namesilo,,,28/09/2026 13:59
03a62ac2-eb0c-462d-9c68-034df642cd5f,entitlement.inc,premium,1604.45,2070.2,high,low,11,spaceship,,,02/10/2026 21:15
49e5b19b-4eea-49a1-b2ba-55c765374727,kashmir.inc,premium,2061.5,2660,high,low,7,namesilo,,,01/10/2026 02:42
2efdb1fb-b5f1-40c2-b056-bd1b4c913f2b,unger.inc,premium,1604.45,2070.2,medium,low,5,spaceship,,,30/09/2026 05:25
9d8673ef-dac5-4f7a-98c7-3977afe50748,mhc.inc,premium,1604.45,2070.2,high,low,3,spaceship,,,29/09/2026 15:02
5cc1a4eb-e294-46b5-9f69-cb85c5248988,childhood.inc,premium,1604.45,2070.2,high,low,9,spaceship,,,29/09/2026 08:38
18350b23-215e-4cfd-8dd1-79131507c4be,sectarian.inc,premium,2015,2600,medium,low,9,namecheap,,,10/09/2026 01:13
57d37ba7-1e99-441d-a376-9db03d6d0c0d,azonic.inc,available,279,2099,medium,low,6,namesilo,,,08/08/2026 02:32
5f0272af-a05a-449d-bcdb-a324b547b193,dispensaries.inc,premium,2061.5,2660,medium,low,12,namesilo,,,02/10/2026 03:34
12f38780-4a5a-4b83-8c7b-07cb1fa4da09,strange.inc,premium,2061.5,2660,high,low,7,namesilo,,,28/09/2026 01:26
857c3d7f-2a5f-4c82-86d7-191dafd387f2,regularity.inc,premium,2061.5,2660,high,low,10,namesilo,,,03/10/2026 00:56
160ed940-6718-45c7-afb4-707f883ed4c1,restructuring.inc,premium,2061.5,2660,high,low,13,namesilo,,,02/10/2026 00:04
667290ec-d448-4907-b5ae-9c9a9d5502e8,bailee.inc,available,498,2798,medium,low,6,namecheap,,,21/09/2026 19:04
1497c83f-bb6a-4493-a892-fd8c61b7f63d,eric.inc,premium,2061.5,2660,high,medium,4,namesilo,,,25/09/2026 11:25
40cb17ea-7897-4c5a-a771-b9b0dbef62f1,fools.inc,premium,2061.5,2660,medium,low,5,namesilo,,,27/09/2026 23:44
1a5c33f1-77f2-4316-9e30-482017fe14ff,spiraling.inc,premium,2015,2600,medium,low,9,namecheap,,,12/08/2026 16:12
a4531878-f3db-4246-bdc3-0a1c5715549a,vocalizing.inc,premium,2015,2600,high,medium,10,namecheap,,,10/09/2026 08:24
4ac09e8b-7920-4aad-92b9-5d8c5675e3f8,damnable.inc,premium,2499,3799.99,medium,low,8,name.com,,,13/08/2026 16:29
09a4049f-e610-40fb-9eae-ce29523dbbb1,adieu.inc,premium,1604.45,2070.2,high,low,5,spaceship,,,28/09/2026 18:34
552aeec9-1cab-45b2-9471-ebf6764875f5,segal.inc,premium,1705,2060.21,medium,low,5,dynadot,,,28/09/2026 19:20
79de12b5-a5c8-4d57-811f-1e97cd2b6d3f,lockbox.inc,available,258.95,2059.5,high,low,7,spaceship,,,29/09/2026 14:03
d2b4b766-350d-4109-89de-9231fbcac310,robbery.inc,premium,2061.5,2660,medium,low,7,namesilo,,,25/09/2026 09:07
07079f91-e753-4048-b863-4b481c57a4a6,tender.inc,premium,2061.5,2660,high,low,6,namesilo,,,21/09/2026 21:47
86b973e2-5117-4e2b-bcb1-9123f1af90d3,albatross.inc,premium,2061.5,2660,high,low,9,namesilo,,,18/09/2026 02:28
9eac1d68-2a06-4026-9b2d-f19cea3ad7ea,whippy.inc,premium,2015,2600,medium,low,6,namecheap,,,13/09/2026 11:26
41df78b9-e535-464b-9669-835695245c39,instinctively.inc,premium,1604.45,2070.2,medium,low,13,spaceship,,,01/10/2026 22:50
fc26ff67-e281-4ad1-b1b4-ace1bab3a2a8,kanaf.inc,available,279,2099,medium,low,5,namesilo,,,23/09/2026 16:56
89d008af-c7d7-4672-87af-735f7ba3d4a1,roxanne.inc,premium,2061.5,2660,high,low,7,namesilo,,,01/10/2026 23:46
6ee0dfb6-27be-4671-9cee-35d949c78298,ambulant.inc,available,279,2099,medium,low,8,namesilo,,,
6bb917d1-3b6a-45aa-8806-6317edede4c6,freeborn.inc,available,279,2099,medium,low,8,namesilo,,,18/08/2026 14:53
2dc01081-c6a7-443a-b817-4a35a9c382bf,raised.inc,premium,2015,2600,high,low,6,namecheap,,,23/09/2026 09:46
bdc932e9-857e-4bfa-b43a-1d2aa7c86cad,counter.inc,premium,1692.6,2183.84,high,low,7,porkbun,,,01/10/2026 17:51
392553e2-22e8-4f78-a12b-ede0882797bb,finishes.inc,premium,1705,2060.21,medium,low,8,dynadot,,,28/09/2026 18:11
cf040e76-669d-4c94-a207-3cab496cd88f,congratulate.inc,premium,1604.45,2070.2,high,low,12,spaceship,,,29/09/2026 03:02
6d801d95-e37a-440a-8471-c1f385246da1,hexad.inc,available,279,2099,medium,low,5,namesilo,,,
454ec0ce-c368-493f-bda4-2b185a4c4bbd,jpl.inc,premium,1604.45,2070.2,high,low,3,spaceship,,,01/10/2026 07:58
e96371b1-9ca3-4f42-b4c2-1a9adb460cba,breeds.inc,premium,2061.5,2660,medium,low,6,namesilo,,,20/09/2026 01:09
d6a59fb7-b5d7-4645-bdb6-04b4ec4c5302,nui.inc,premium,1604.45,2070.2,high,low,3,spaceship,,,01/10/2026 23:21
793db44e-bee8-40f6-95e3-1c30cc70b22f,pricing.inc,premium,1604.45,2070.2,high,low,7,spaceship,,,30/09/2026 07:19
a2f7a17b-fe41-4d80-bd4f-4925de741691,oldest.inc,premium,1604.45,2070.2,high,low,6,spaceship,,,01/10/2026 19:28
2bb35c4b-acc9-44bc-ba0a-708740c63a75,sql.inc,premium,2015,2600,high,low,3,namecheap,,,28/09/2026 04:28
3ff3dad2-52e2-4783-9e65-3bbde4661cba,aranea.inc,available,498,2798,medium,low,6,namecheap,,,20/09/2026 00:00
dff0bda7-eb14-48cb-904b-0d35c0668a16,pharaonic.inc,available,498,2798,medium,low,9,namecheap,,,08/09/2026 18:44
2ad27b4f-02be-400c-acc2-c28412a23051,full.inc,premium,2061.5,2660,high,low,4,namesilo,,,24/09/2026 14:07
df5f9e08-d19a-403e-a7ca-33358e5a9b3f,danbury.inc,premium,2061.5,2660,medium,low,7,namesilo,,,29/09/2026 10:05
0984b993-a74d-47c0-bb34-cb43ca356f04,woodbridge.inc,premium,2015,2600,medium,low,10,namecheap,,,28/09/2026 16:49
7462a6f8-b590-469e-a9b4-d75fbf0b9ebe,liaoning.inc,available,279,2099,medium,low,8,namesilo,,,30/09/2026 13:11
0cbdb1e4-bf0a-44ef-bbfa-e9c866986bdb,attempting.inc,premium,1692.6,2183.84,medium,low,10,porkbun,,,28/09/2026 12:29
071bf259-0811-443d-83ff-d70257039903,pensive.inc,premium,2015,2600,high,low,7,namecheap,,,11/08/2026 06:00
27119337-0d26-4db2-9ec3-837760d1393e,randomly.inc,premium,2015,2600,medium,low,8,namecheap,,,13/09/2026 20:35
891cc460-65fd-4db7-8d8c-d0bbbe782249,auklet.inc,available,279,2099,medium,low,6,namesilo,,,21/09/2026 04:08
e4b91798-4074-4a85-9459-db9eeee8deb4,sensors.inc,premium,2061.5,2660,medium,low,7,namesilo,,,28/09/2026 09:09
6642215d-ff2d-492e-a19e-d34bcbea4fb0,wayward.inc,premium,2015,2600,medium,low,7,namecheap,,,13/09/2026 08:49
11f8d58f-3780-44c5-bb41-b2dcd54dc099,lazy.inc,premium,2015,2600,high,low,4,namecheap,,,17/08/2026 20:54
7d574124-5b88-420c-b4b5-823c9bdce8ba,researcher.inc,premium,2061.5,2660,high,low,10,namesilo,,,01/10/2026 11:13
d1543fa9-7be8-488e-8806-7b77d50d5a2a,dreamed.inc,premium,1604.45,2070.2,medium,low,7,spaceship,,,27/09/2026 21:44
c7ab28d8-368d-4199-b399-134a7886831c,thallium.inc,available,498,2798,medium,low,8,namecheap,,,20/09/2026 23:51
b729eb88-b075-4c8e-be26-ad11637d0aae,tits.inc,premium,1692.6,2183.84,high,low,4,porkbun,,,29/09/2026 21:14
35b2c4fc-0268-46a9-8117-7a5529fc81c2,brotherly.inc,premium,2015,2600,high,low,9,namecheap,,,11/08/2026 06:18
db3a4fac-0450-49a3-83a7-6a9b3013437e,roomily.inc,available,279,2099,medium,low,7,namesilo,,,16/09/2026 00:01
d3991734-bfff-44ea-832e-07d4d4c8026b,sultry.inc,premium,2015,2600,high,low,6,namecheap,,,10/09/2026 20:31
b2b8ad30-7a62-4d5d-9f29-2c2796f280cc,gaspar.inc,available,258.95,2059.5,high,low,6,spaceship,,,29/09/2026 18:14
1d406329-4d16-42fc-9ed0-0f42f83fc3f2,peaked.inc,premium,1692.6,2183.84,medium,low,6,porkbun,,,29/09/2026 21:11
d7596e14-5b4e-4eba-a8b0-f0e934faa92e,breathe.inc,premium,2061.5,2660,high,low,7,namesilo,,,30/09/2026 16:28
24c52bdd-da96-4c07-8a94-5366af5b729c,accordion.inc,premium,2061.5,2660,high,low,9,namesilo,,,16/09/2026 23:02
f3f1a645-3ee6-4612-8fc0-ad1e9b82651c,helpless.inc,premium,2015,2600,medium,low,8,namecheap,,,21/08/2026 06:38
bffdb62a-2072-44b0-8626-050245c03431,bubonic.inc,premium,2015,2600,medium,low,7,namecheap,,,11/08/2026 07:26
a9ba949a-f249-40f6-b9f4-3b27c09f59e2,grub.inc,premium,2015,2600,high,low,4,namecheap,,,11/08/2026 09:30
67eb648b-b198-4909-bd0c-1da6bc9bf3ca,depressed.inc,premium,2015,2600,medium,low,9,namecheap,,,14/08/2026 02:43
78308a0b-f4eb-4c6c-9a23-d0dfe9b42b79,shipped.inc,premium,2061.5,2660,high,low,7,namesilo,,,28/09/2026 13:02
7356ae87-e734-4dd1-b71f-eae1f6691e9f,staining.inc,premium,1692.6,2183.84,medium,low,8,porkbun,,,03/10/2026 02:09
cf5cff2c-a624-4f1a-815a-f5f871020e0e,pairs.inc,premium,2015,2600,medium,low,5,namecheap,,,16/09/2026 14:58
e37c3475-d09b-444c-815f-3243b845c28f,lipitor.inc,premium,2061.5,2660,high,low,7,namesilo,,,21/09/2026 00:35
11134cab-26c7-44c4-8a6e-3789c898af45,nigra.inc,available,279,2099,medium,low,5,namesilo,,,30/09/2026 02:04
8e610f1f-97c4-4ecd-afea-3ae44d91816c,fidel.inc,premium,2061.5,2660,medium,low,5,namesilo,,,02/10/2026 00:37
56930353-ce7b-48ff-9c10-53babbeff7be,kovacs.inc,premium,2015,2600,medium,low,6,namecheap,,,02/10/2026 20:40
895f9ab3-050a-4997-8469-3834d22ea726,bowery.inc,premium,2015,2600,high,medium,6,namecheap,,,10/08/2026 23:13
24c70be0-b907-4a78-947d-c168d27b3be0,quits.inc,premium,2015,2600,high,low,5,namecheap,,,09/09/2026 09:02
b911dae6-e04d-4530-b6df-e138ddba55b3,pavilion.inc,premium,2015,2600,high,low,8,namecheap,,,30/09/2026 18:00
825eb9cb-f43b-4b49-ab8b-d0039d42ae75,belated.inc,premium,2015,2600,medium,low,7,namecheap,,,09/08/2026 12:37
0bf733bf-d177-44a8-90a8-db9ee6ecda57,spikes.inc,premium,1604.45,2070.2,high,low,6,spaceship,,,30/09/2026 07:14
1e708e89-7d3f-4f1a-9042-11001c898fde,blames.inc,premium,2061.5,2660,low,low,6,namesilo,,,01/10/2026 00:32
77968385-e45f-4a19-b7dc-a850b57566cb,raspberry.inc,premium,2015,2600,medium,low,9,namecheap,,,24/09/2026 06:43
35792149-b0b1-4a30-8066-35c5c7a1ddab,roulette.inc,premium,2015,2600,high,low,8,namecheap,,,01/10/2026 20:21
a00541a2-2104-4aef-a71b-35ea6876663b,wenatchee.inc,available,279,2099,medium,low,9,namesilo,,,02/10/2026 01:11
a8b42718-e2bf-4569-8415-e60a5333bb4e,hoodlum.inc,premium,2015,2600,high,medium,7,namecheap,,,09/09/2026 06:04
d5d980ab-3155-4481-bbdb-d9a4bb68965e,videotape.inc,premium,2061.5,2660,high,low,9,namesilo,,,29/09/2026 08:17
4784623d-7003-4ee3-b754-4ee98c4bdaaa,hilliard.inc,premium,1604.45,2070.2,medium,low,8,spaceship,,,30/09/2026 00:27
ee0fe751-bf1e-4caa-85c2-85ddebeb5e7e,iia.inc,available,279,2099,high,low,3,namesilo,,,01/10/2026 07:40
69a70fa3-d500-40df-ad3d-70052474f20f,distrust.inc,premium,2015,2600,high,low,8,namecheap,,,24/09/2026 23:13
c2e845a6-ad34-46d3-ad6c-ef98520d51de,computer.inc,premium,2061.5,2660,high,medium,8,namesilo,,,02/10/2026 11:27
8e5a00fe-590a-401d-b8d4-a12217ceff69,sate.inc,premium,2015,2600,medium,low,4,namecheap,,,09/09/2026 14:30
cb073eed-4549-4beb-b54a-618c9571dba2,montmorency.inc,available,279,2099,medium,low,11,namesilo,,,02/10/2026 01:08
4dbcb750-7911-4bf8-b24a-e1e68fe1234c,obese.inc,premium,2061.5,2660,high,low,5,namesilo,,,23/09/2026 23:32
c9e4e9c3-8e5f-4977-9563-c3e86ecb35c4,movie.inc,premium,1604.45,2070.2,high,low,5,spaceship,,,02/10/2026 15:48
4917e369-b8fa-4432-83fc-b7ddd0b261a7,ventura.inc,premium,2015,2600,high,low,7,namecheap,,,25/09/2026 16:33
c88585b2-5524-457b-a8a2-aaba5d83906a,swallows.inc,premium,1604.45,2070.2,medium,low,8,spaceship,,,01/10/2026 18:08
f3f9e14c-132b-4ab0-b706-87b54f343a11,rampageous.inc,available,279,2099,high,medium,10,namesilo,,,09/09/2026 10:10
6f9b99ba-a4f0-4dcb-a64c-aa565d956f0c,bustling.inc,premium,2015,2600,high,low,8,namecheap,,,11/08/2026 11:21
f0ce0939-1d2d-477e-bc15-f07b0f47a0c7,avena.inc,available,279,2099,high,low,5,namesilo,,,21/09/2026 08:53
cdc5a16a-dd8b-4688-a95e-ee3fe784fb03,endogenous.inc,premium,2015,2600,medium,low,10,namecheap,,,17/08/2026 01:15
14c68669-197b-43fd-951c-51f4f35dc1d0,masculine.inc,premium,2061.5,2660,high,low,9,namesilo,,,25/09/2026 17:05
b7347e9c-0d64-4744-a911-fd7755b326f5,frequency.inc,premium,2015,2600,high,low,9,namecheap,,,16/09/2026 17:49
269277a4-0e03-454f-9028-6a4c81639b9d,improver.inc,available,279,2099,high,low,8,namesilo,,,21/08/2026 14:58
028e6fe6-8073-475b-b2e4-4c29ccd18fcf,rustling.inc,premium,2015,2600,high,low,8,namecheap,,,03/09/2026 11:20
69cd66d4-e6fe-4bc2-9187-f45f641e4c1c,metz.inc,premium,2061.5,2660,high,low,4,namesilo,,,27/09/2026 07:39
61a225cf-841d-4257-997a-8cdce749cb07,federalist.inc,premium,1604.45,2070.2,high,low,10,spaceship,,,28/09/2026 19:11
524fd726-2106-4c90-96fd-24322bf047da,tremulous.inc,premium,2015,2600,medium,low,9,namecheap,,,09/09/2026 07:46
3322a2a3-fe6d-4832-bd43-2e0455ec5769,goddamn.inc,premium,2015,2600,medium,low,7,namecheap,,,10/08/2026 12:46
0b25660a-f454-4f09-8d21-6fbc754d480e,karim.inc,premium,1604.45,2070.2,high,low,5,spaceship,,,29/09/2026 03:37
194f9042-bb40-4bab-83f7-bcbe7c2df537,nance.inc,premium,2015,2600,medium,low,5,namecheap,,,09/09/2026 08:05
7f130622-8622-43cd-86ad-749f431f93ba,heber.inc,available,258.95,2059.5,high,low,5,spaceship,,,30/09/2026 22:07
d171b304-1e64-426e-ab0c-9cf9022875c9,infrasonic.inc,available,279,2099,medium,low,10,namesilo,,,22/08/2026 04:48
a96609c7-9c51-4393-a6f0-7579bdfbd23e,acheron.inc,available,279,2099,medium,low,7,namesilo,,,17/09/2026 00:29
9a43aea6-9a08-42e1-888b-917d212b4b69,freelance.inc,premium,2015,2600,high,low,9,namecheap,,,02/10/2026 11:04
2dcbab44-e2c8-4f37-b15e-364698221b76,anchorman.inc,premium,2015,2600,high,low,9,namecheap,,,19/09/2026 03:46
2ce27fbd-70f3-481e-ac92-7bd266ad8204,aboulia.inc,available,279,2099,medium,low,7,namesilo,,,16/09/2026 16:42
0b3d83f9-134a-42e0-877b-e493f680459b,covariant.inc,available,279,2099,medium,low,9,namesilo,,,13/08/2026 04:05
a6a53383-653d-4984-8e93-7424d588254e,insults.inc,premium,1604.45,2070.2,low,low,7,spaceship,,,29/09/2026 11:09
08099d4d-da02-441a-9932-60040b0e75f8,armory.inc,premium,2061.5,2660,high,low,6,namesilo,,,20/09/2026 07:31
9ae21d95-2dc2-4885-b695-e5856382b1bc,insurer.inc,premium,2061.5,2660,high,low,7,namesilo,,,01/10/2026 02:41
b71dd5b8-1a68-43f7-a8d1-7da4b6cff6a9,gastropod.inc,available,279,2099,medium,low,9,namesilo,,,12/09/2026 14:04
dcdd8870-ee9f-4e19-a336-1f1ff5640e27,boreas.inc,available,498,2798,medium,low,6,namecheap,,,03/09/2026 21:36
20f73b3e-19bb-4dd6-b1e9-5680fcdf9508,casey.inc,premium,2015,2600,high,low,5,namecheap,,,25/09/2026 18:12
c3478f40-7816-4134-ba61-905870b7b7b5,reflexion.inc,available,279,2099,high,low,9,namesilo,,,03/09/2026 11:28
5a942192-0d7b-4917-9f5a-15d69188f224,swat.inc,premium,2061.5,2660,high,low,4,namesilo,,,30/09/2026 18:52
85801e5b-4aa6-48a9-a7ea-2ddd3ec08a16,magnified.inc,premium,2015,2600,high,low,9,namecheap,,,24/08/2026 13:08
488d9563-bc2d-4777-bdf2-6fd5037f212b,petrograd.inc,available,258.95,2059.5,medium,low,9,spaceship,,,29/09/2026 01:34
b989bf36-be64-4431-9939-8472cdcb9471,cracked.inc,premium,2061.5,2660,high,low,7,namesilo,,,22/09/2026 01:30
e0972bf0-c3a7-42c6-b64d-a8b4ad53ab2b,helium.inc,premium,2061.5,2660,high,low,6,namesilo,,,20/09/2026 22:31
034db6a3-6546-4efa-b94a-65148fafecd6,reflexed.inc,available,279,2099,high,medium,8,namesilo,,,09/09/2026 12:41
4cd8f413-0110-4bfa-a715-cca272f4f09d,title.inc,premium,1604.45,2070.2,high,low,5,spaceship,,,02/10/2026 13:09
e7960d8c-4c3a-4093-a76a-7e798962c90b,quietly.inc,premium,2015,2600,high,low,7,namecheap,,,09/09/2026 08:49
5a24e683-5d15-4048-806c-52ad0f333f74,anser.inc,available,279,2099,medium,low,5,namesilo,,,19/09/2026 12:03
605827d6-d0d8-46f9-8e0e-0df598176c9f,pore.inc,premium,1604.45,2070.2,high,low,4,spaceship,,,03/10/2026 00:48
997e0719-3489-4580-82dc-1da1d9ec75da,clan.inc,premium,2015,2600,high,low,4,namecheap,,,22/08/2026 16:05
1d6b5463-271a-4a56-8feb-f4f0603a7115,burton.inc,premium,1604.45,2070.2,high,low,6,spaceship,,,28/09/2026 18:31
633bcb0d-cd6a-4550-99bf-ce01731068e8,lyrate.inc,available,279,2099,medium,low,6,namesilo,,,24/08/2026 12:39
1db5f7e9-fd08-4290-8f94-97a51be43d4d,enlist.inc,premium,2061.5,2660,high,low,6,namesilo,,,29/09/2026 20:42
083618d3-dbf6-4ca9-8587-8cdd599ba17e,greatness.inc,premium,2015,2600,medium,low,9,namecheap,,,28/09/2026 17:18
74a5aede-2f1e-4108-9bc6-18140ebff05c,louder.inc,premium,1604.45,2070.2,high,low,6,spaceship,,,28/09/2026 08:31
b1e390f1-18e8-4e8c-a9d0-f2d7acf187c8,ormond.inc,available,258.95,2059.5,medium,low,6,spaceship,,,29/09/2026 15:48
77078f2b-3bdb-44f2-af9f-dc4b871e4342,unsaved.inc,available,498,2798,medium,low,7,namecheap,,,12/09/2026 17:57
de7a3b21-a70a-45a1-944e-d0cbf5b3b0ba,ursine.inc,available,279,2099,low,low,6,namesilo,,,12/09/2026 23:53
e2b72bbd-313c-494e-a1fe-89b00a7a590a,authorial.inc,premium,2015,2600,medium,low,9,namecheap,,,07/08/2026 16:19
06c1f4b1-0786-4497-9d1b-81e4b4e2a17b,recommend.inc,premium,2015,2600,high,low,9,namecheap,,,28/09/2026 19:07
65c03e04-8a46-4f4d-a932-3fe6178cf466,miscarriage.inc,premium,1604.45,2070.2,medium,low,11,spaceship,,,30/09/2026 14:13
255c6452-a6a6-47b0-96a6-4734d0b1fef2,annul.inc,available,279,2099,high,low,5,namesilo,,,13/09/2026 06:39
2cc73599-84c4-435d-87e6-c047211071a5,sweatshop.inc,premium,2170,2800,medium,low,10,namecheap,,,
8ae738b9-fb68-4df8-ae18-3691455d265f,tru.inc,premium,1692.6,2183.84,high,low,3,porkbun,,,02/10/2026 18:02
6de79d36-ab2e-4270-9c7d-68ca296b1277,older.inc,premium,2015,2600,high,low,5,namecheap,,,21/09/2026 22:32
0342dbda-e950-4efc-a636-b2618ddb89b0,ported.inc,premium,2061.5,2660,high,low,6,namesilo,,,20/09/2026 15:39
e94172bd-6783-45dd-9ee8-46b90f001f66,usher.inc,premium,2061.5,2660,high,low,5,namesilo,,,29/09/2026 00:41
1bd7b872-af7f-4585-8762-6083b160fcb2,aspiring.inc,premium,1604.45,2070.2,high,low,8,spaceship,,,30/09/2026 11:46
c68d0391-695a-4065-af43-ea452ed8249f,accountancy.inc,available,257.71,2060.21,high,low,11,dynadot,,,02/10/2026 14:53
51bf7cec-8aa6-4a31-a1e8-b80bea19e98a,lips.inc,premium,1604.45,2070.2,high,low,4,spaceship,,,01/10/2026 00:24
2de45891-3841-456b-8d88-dc182ccb054c,redoubled.inc,premium,2015,2600,high,medium,9,namecheap,,,09/09/2026 12:22
fb19a7e6-21c8-491f-a1a7-14b80b3a8dcd,wifelike.inc,available,279,2099,medium,low,8,namesilo,,,13/09/2026 00:29
9d274192-576a-4a8d-8e4a-c2842ea7071d,mathias.inc,premium,2061.5,2660,high,low,7,namesilo,,,28/09/2026 05:17
48397fb9-071c-4410-bd8b-5433f61199a5,scotchtape.inc,available,498,2798,high,low,11,namecheap,,,21/09/2026 17:49
9ae796b4-e608-48ea-87d2-ce77d31459db,effingham.inc,available,279,2099,medium,low,9,namesilo,,,02/10/2026 10:14
cb50deb3-723a-4fe2-8ec5-95562759b372,wakes.inc,premium,2061.5,2660,medium,low,5,namesilo,,,28/09/2026 13:11
1e651930-d8fd-4c07-9dc4-48a37c21dc24,yall.inc,premium,1604.45,2070.2,medium,low,4,spaceship,,,02/10/2026 04:18
6e21784f-2393-4a09-817f-5996288f26c4,doggedly.inc,premium,2015,2600,medium,low,8,namecheap,,,14/09/2026 13:33
23faa402-55a9-4b01-9e5c-af6ac474c4d4,tides.inc,premium,1604.45,2070.2,medium,low,5,spaceship,,,29/09/2026 23:02
460c7e13-b954-41f3-bd8b-8fb835c6215c,spermatic.inc,available,279,2099,high,medium,9,namesilo,,,10/09/2026 15:31
5db18b6c-b335-459e-a6e1-3c0a3c8d6016,backrest.inc,premium,2061.5,2660,medium,low,8,namesilo,,,21/09/2026 15:47
5dad6380-c188-4bf5-82c3-3ae396a8b9a6,recurrent.inc,premium,2015,2600,high,low,9,namecheap,,,09/09/2026 11:57
50e5804c-88ab-449e-b496-3c1423002fa9,goodman.inc,premium,2061.5,2660,high,low,7,namesilo,,,23/09/2026 08:16
4ddfcf9c-00e5-4511-a181-9cddee0a29fd,abductor.inc,premium,2061.5,2660,medium,low,8,namesilo,,,16/09/2026 14:54
aa3f1acf-2bc7-458d-bc12-21471bc7b8f8,unfunded.inc,premium,2015,2600,medium,low,8,namecheap,,,12/09/2026 11:04
2dfda3d1-9aac-4c1d-9bca-92db560ba92e,devonian.inc,available,279,2099,medium,low,8,namesilo,,,17/09/2026 16:49
35bb968d-f2bd-4f32-b6f6-cdc52313bb6e,pollinators.inc,premium,2061.5,2660,medium,low,11,namesilo,,,02/10/2026 23:10
390dca9f-f038-46d6-bba3-c43cf256797f,cleansing.inc,premium,2015,2600,high,low,9,namecheap,,,
7f72dce7-38f2-4f54-8e1a-e03ed34884bb,selflessly.inc,premium,2015,2600,medium,low,10,namecheap,,,13/09/2026 19:23
b5abd659-3000-4a51-9b87-b2e12decb72c,baric.inc,available,279,2099,low,low,5,namesilo,,,08/08/2026 19:31
f9781774-bd66-47d3-ab6a-f0dbf72e3358,tartaric.inc,available,279,2099,medium,low,8,namesilo,,,11/09/2026 08:48
8bda6f28-7f38-4f8a-8f78-b29dba3694ea,levine.inc,premium,2061.5,2660,medium,low,6,namesilo,,,25/09/2026 16:14
4dfa9ee3-1ade-4ba1-8a1a-d0fe8bb2d6d6,apodictic.inc,available,279,2099,medium,low,9,namesilo,,,06/08/2026 01:27
6f9889de-226f-48bd-9df4-78498e2ac31c,messages.inc,premium,2061.5,2660,high,low,8,namesilo,,,18/09/2026 22:11
20a691dd-fa73-430c-a8a0-eea30b8a5183,clarkson.inc,premium,2061.5,2660,medium,low,8,namesilo,,,27/09/2026 01:50
8c66cf84-51ba-402d-9ce4-72b008fa99a3,tilled.inc,premium,2015,2600,medium,low,6,namecheap,,,11/09/2026 15:57
24cc81f3-a4bc-4116-ac2e-2a3193666a4c,tractors.inc,premium,2061.5,2660,medium,low,8,namesilo,,,21/09/2026 06:24
4ffc98aa-8468-493a-9aaa-42ddc280cdee,ratable.inc,available,279,2099,high,medium,7,namesilo,,,09/09/2026 10:31
16854dff-293e-469a-8f44-e9a7494cacb1,burial.inc,premium,2061.5,2660,medium,low,6,namesilo,,,24/09/2026 11:18
c088262d-1f22-4d76-8610-e39f44373305,kanagawa.inc,available,258.95,2059.5,medium,low,8,spaceship,,,30/09/2026 05:13
3e6a7c54-4dd6-4b2e-ba16-0827f3a55a28,dormie.inc,available,279,2099,medium,low,6,namesilo,,,14/08/2026 16:21
58fd2853-18c5-4d10-9cfb-e7e9cf13da94,dialogue.inc,premium,2061.5,2660,high,low,8,namesilo,,,24/09/2026 22:11
5948ab50-7fca-4f6f-8ff5-ddd16dd1e6a8,troika.inc,premium,2015,2600,high,low,6,namecheap,,,
f83b48f7-e187-4ba6-aa9c-4e05100f5048,bindweed.inc,available,279,2099,medium,low,8,namesilo,,,23/09/2026 17:12
57563fff-254c-4770-80e8-50c73c0e9cf1,arise.inc,premium,1705,2060.21,high,low,5,dynadot,,,28/09/2026 10:48
4fb790be-964f-4570-a890-45093d533b22,nbc.inc,premium,2061.5,2660,high,high,3,namesilo,,,25/09/2026 11:13
9e04a214-26d7-4089-aa07-19bbab2ae24f,couple.inc,premium,1604.45,2070.2,high,low,6,spaceship,,,29/09/2026 11:48
3a581448-bb9b-472f-9702-9dc6811a886f,zillion.inc,premium,2015,2600,high,low,7,namecheap,,,11/09/2026 19:50
457e1338-5e95-428c-ac6f-cdb5fd100198,soy.inc,premium,1604.45,2070.2,high,low,3,spaceship,,,29/09/2026 12:51
8de17d38-9497-425d-b7b2-4e38ae075d04,davao.inc,available,258.95,2059.5,medium,low,5,spaceship,,,30/09/2026 22:13
b7dff762-0abb-47d3-a673-05c19dca8513,gaps.inc,premium,2061.5,2660,medium,low,4,namesilo,,,20/09/2026 11:47
bc54d851-7a0e-4942-8a47-fcc4b01a939d,handbook.inc,premium,2061.5,2660,high,low,8,namesilo,,,29/09/2026 12:11
25a211c3-0926-472c-9870-2fb2ad734cc9,confessing.inc,premium,2061.5,2660,high,low,10,namesilo,,,01/10/2026 06:10
cb27535b-b76a-4bf3-8f09-4af549e3a104,riverton.inc,premium,1604.45,2070.2,medium,low,8,spaceship,,,02/10/2026 20:22
2e87e252-1fd5-450c-ab9c-2ae493b3148a,fundament.inc,available,279,2099,medium,low,9,namesilo,,,09/08/2026 10:59
12b7a338-4501-4c4c-b36c-baa0ed399e7f,immediately.inc,premium,2061.5,2660,high,low,11,namesilo,,,27/09/2026 06:22
22021f9a-310a-40d7-8031-c659529375c1,anchor.inc,premium,2061.5,2660,high,medium,6,namesilo,,,19/09/2026 03:39
6a72ddfa-69ae-44a2-8a66-3217a4385e76,fruitcake.inc,premium,2015,2600,medium,low,9,namecheap,,,10/09/2026 00:13
61edcadc-7714-4b2e-9c42-5db78e9bd57d,babbling.inc,premium,2061.5,2660,high,low,8,namesilo,,,21/09/2026 12:23
b69e843a-4b48-47af-8fe2-f966e2275482,ivan.inc,premium,2061.5,2660,high,low,4,namesilo,,,25/09/2026 12:04
cc7c9493-ba70-4669-80b9-8f93d5991c83,enhancing.inc,premium,2061.5,2660,medium,low,9,namesilo,,,02/10/2026 12:23
ad19034e-6fbf-4352-8e18-2f82148aed9c,johnstown.inc,premium,1692.6,2183.84,medium,low,9,porkbun,,,28/09/2026 22:27
025ca80b-77c8-49a5-be52-ddbedf912e61,counseling.inc,premium,1705,2060.21,high,low,10,dynadot,,,01/10/2026 03:29
6d081f63-b270-43b2-8154-06e166ec9a4c,wade.inc,premium,2015,2600,high,low,4,namecheap,,,28/09/2026 06:51
03dad898-b978-4bf5-8cad-a195f0abaec7,aarp.inc,premium,2061.5,2660,high,high,4,namesilo,,,16/09/2026 13:34
f16c76a6-b30c-47ee-97f5-36ea1afa78d2,babylonian.inc,premium,2015,2600,medium,low,10,namecheap,,,08/08/2026 03:58
3069163d-7cc6-44e1-bf6f-f2e9fba202f9,hill.inc,premium,2015,2600,high,low,4,namecheap,,,28/09/2026 20:23
af495c9d-6933-470d-964e-a43668d4f158,sublingual.inc,available,279,2099,medium,low,10,namesilo,,,11/09/2026 00:14
1657cc9e-27a6-4c41-94be-96c37f7645ed,attorneys.inc,premium,2015,2600,medium,low,9,namecheap,,,28/09/2026 13:24
c09fe761-9d6d-42cf-8098-09ba3759450f,theodore.inc,premium,2061.5,2660,high,low,8,namesilo,,,29/09/2026 02:58
da466a59-8282-441e-96c1-f985053de9ab,functional.inc,premium,1705,2060.21,high,low,10,dynadot,,,01/10/2026 21:18
6432b1df-e710-4a3f-abe2-7b4cc176015c,accept.inc,premium,1692.6,2183.84,high,low,6,porkbun,,,29/09/2026 11:06
d1e6420f-c559-4f2b-a75d-e1b915f13880,terzetto.inc,available,279,2099,medium,low,8,namesilo,,,
06730c04-84dd-437b-8629-ce0aee4b7a6a,harrisburg.inc,premium,2061.5,2660,high,low,10,namesilo,,,25/09/2026 22:04
fbc2ea9d-ba13-4cef-b2a8-ed95af5ad7a0,boulogne.inc,available,257.98,2060.25,medium,low,8,porkbun,,,29/09/2026 09:58
42ce2a4e-8201-4228-8ee3-a2e9c129fe42,brockhouse.inc,available,279,2099,medium,low,10,namesilo,,,23/09/2026 10:18
e9e8876b-c4d1-413f-80f0-0aa947b9db50,pigeon.inc,premium,2061.5,2660,high,low,6,namesilo,,,28/09/2026 02:55
5600010f-0cb6-4282-85fd-577fa72b07ff,anomia.inc,available,279,2099,medium,low,6,namesilo,,,18/09/2026 22:21
e371818d-9e86-4d85-8389-8383432bf64a,aussie.inc,premium,2061.5,2660,high,low,6,namesilo,,,22/09/2026 13:32
60157da7-5ac6-4632-b9a2-754a5ef8051a,victims.inc,premium,2170,2800,medium,low,7,namecheap,,,18/09/2026 21:07
5672ec9a-e9b1-4227-a432-e6b85729c1dd,pean.inc,available,279,2099,medium,low,4,namesilo,,,05/09/2026 00:47
76953ff9-1ecf-4e6c-aa0c-7008df22d4e1,pyloric.inc,available,279,2099,high,medium,7,namesilo,,,09/09/2026 06:52
63af0c17-dac4-48a0-bdbb-f860c2174183,abdallah.inc,premium,1604.45,2070.2,medium,low,8,spaceship,,,29/09/2026 21:48
2b826cbf-6f95-4b0c-bf2f-ca9058b699ff,barangay.inc,available,498,2798,high,low,8,namecheap,,,02/10/2026 18:11
1e2d202c-5021-4f6f-aa39-bb35ffee0a59,artaxerxes.inc,available,279,2099,medium,low,10,namesilo,,,20/09/2026 10:06
ab0c873c-ee93-4e21-9f8a-be930106dcfe,fraud.inc,premium,2015,2600,high,low,5,namecheap,,,27/09/2026 07:55
4052fa2e-11e1-4826-83d5-89ce103f120b,ordnance.inc,premium,2061.5,2660,high,low,8,namesilo,,,20/09/2026 11:44
489f0991-be3f-4787-9219-1ea919ce4914,niobium.inc,available,350,3799.99,medium,low,7,name.com,,,20/09/2026 23:04
77aad1bc-0a8e-4670-8deb-d040076b7b45,genoese.inc,available,279,2099,high,low,7,namesilo,,,18/08/2026 21:48
8abe8a56-b42a-4519-9352-223043ae8f35,william.inc,premium,2061.5,2660,high,low,7,namesilo,,,17/09/2026 13:23
b5cca260-492e-42fa-af09-299a18ef0d95,extensible.inc,premium,2015,2600,medium,low,10,namecheap,,,17/08/2026 19:03
a6948100-a5f2-4f5a-b048-8e48dd20a538,helsinki.inc,premium,1604.45,2070.2,high,low,8,spaceship,,,30/09/2026 16:35
824cd868-9d05-4ba0-9856-094e110e7ac1,reschedule.inc,premium,1604.45,2070.2,high,low,10,spaceship,,,03/10/2026 02:35
cdb264de-80a5-41bd-9611-f3417ecc4332,vulvar.inc,available,279,2099,medium,low,6,namesilo,,,13/09/2026 07:29
ae22db61-423b-4d95-99ec-6580800ebb57,adel.inc,premium,2015,2600,high,low,4,namecheap,,,01/10/2026 22:36
5e508908-cf40-43a2-ae1b-1b3b0725bf99,methane.inc,premium,1604.45,2070.2,high,low,7,spaceship,,,29/09/2026 13:25
d14ff936-4b9d-449a-9258-c19468cf9c47,airlike.inc,available,279,2099,medium,low,7,namesilo,,,
8013f88c-0463-43a3-985a-ded96c61e590,backpack.inc,premium,1705,2060.21,high,low,8,dynadot,,,29/09/2026 00:17
1ebebc38-a21d-4fd4-9a61-c6b5cbdeefe3,excited.inc,premium,2061.5,2660,high,low,7,namesilo,,,24/09/2026 15:55
06ade594-f6f0-478d-be64-d653f5fe6ac9,pit.inc,premium,2061.5,2660,high,low,3,namesilo,,,24/09/2026 13:22
c7a83e2a-6522-4a7b-816c-29e971b481c3,acrobatics.inc,premium,2015,2600,high,low,10,namecheap,,,17/09/2026 03:19
89ef82e2-35e8-4c15-8883-f27eaaf8c9bf,spouse.inc,premium,2061.5,2660,high,low,6,namesilo,,,23/09/2026 11:39
596e4a97-9e8b-4c63-a70a-599e3930419f,pursuits.inc,premium,1604.45,2070.2,medium,low,8,spaceship,,,02/10/2026 13:15
76e9eef8-519b-4fee-8a58-31428e41f844,barter.inc,premium,2061.5,2660,high,low,6,namesilo,,,29/09/2026 01:18
1018562d-5ab8-4931-899e-7ca6f5b14f8c,fired.inc,premium,2015,2600,medium,low,5,namecheap,,,24/09/2026 11:05
1099cefc-3ebd-48b0-a7b0-81c04a1b6d72,corregidor.inc,available,279,2099,medium,low,10,namesilo,,,22/09/2026 13:13
d968d723-0301-4ab0-9ec9-1187aefe74dd,stone.inc,premium,2061.5,2660,high,low,5,namesilo,,,19/09/2026 11:54
1546f9fc-43b7-4b6b-9f84-9ea55e0dbf6c,catering.inc,premium,2015,2600,high,low,8,namecheap,,,28/09/2026 18:37
1b1b3b75-2029-40c5-b291-22b457c3f4a5,mustafa.inc,premium,2061.5,2660,high,low,7,namesilo,,,28/09/2026 11:56
a14d6e23-b214-4410-a119-88269ea5fe43,normative.inc,premium,2015,2600,high,low,9,namecheap,,,03/09/2026 21:19
81c09261-e144-40ef-a892-a729f99d7216,buys.inc,premium,2061.5,2660,high,low,4,namesilo,,,28/09/2026 09:07
328c446b-ced3-43e7-b09e-e76fb9a27911,frieda.inc,premium,2061.5,2660,high,low,6,namesilo,,,01/10/2026 08:48
7ea6e44f-2ce9-4dcf-a1d1-2e7019c35cee,auburn.inc,premium,2061.5,2660,high,low,6,namesilo,,,22/09/2026 12:02
413d8caf-a8a0-4e81-aa62-8a1cfc9abc1a,delgado.inc,premium,1604.45,2070.2,medium,low,7,spaceship,,,28/09/2026 17:40
409c4b79-0f77-4c5b-bbd1-0c98d3565d97,nearing.inc,premium,1604.45,2070.2,medium,low,7,spaceship,,,01/10/2026 17:44
280230fb-8e51-453d-91eb-b6fc419487c3,housework.inc,premium,2061.5,2660,high,low,9,namesilo,,,02/10/2026 05:21
fae04c76-ed8f-476e-a58d-c4f301d91d18,existent.inc,premium,2015,2600,high,low,8,namecheap,,,
68fc95a9-8616-41b9-9f19-5bdc4d3aa7a3,possum.inc,premium,2015,2600,high,low,6,namecheap,,,03/10/2026 01:43
d2d7ec97-d1ea-421d-8d59-162ea814d154,volvo.inc,premium,2061.5,2660,high,low,5,namesilo,,,01/10/2026 11:45
20c579bb-73f1-4545-bcca-6d98941380ca,modishly.inc,available,279,2099,medium,low,8,namesilo,,,15/09/2026 15:15
ae37173a-2105-4f6b-a205-a05121f415c0,arundel.inc,premium,2061.5,2660,medium,low,7,namesilo,,,28/09/2026 12:04
d7578d3f-cde9-44d7-bac1-b9ce93289eb7,pursued.inc,premium,2015,2600,high,medium,7,namecheap,,,09/09/2026 06:26
dd5cac5b-e9ab-4f0f-8505-8ce1f6bb27b3,adulteress.inc,available,279,2099,medium,low,10,namesilo,,,17/09/2026 10:20
b9753773-87ce-4a3e-841f-ea60b688d901,affidavit.inc,premium,1692.6,2183.84,high,low,9,porkbun,,,28/09/2026 19:16
130b7e2e-6986-4f3a-a580-ac6f79ddeaa5,exhilarating.inc,premium,1604.45,2070.2,high,low,12,spaceship,,,02/10/2026 18:08
3940dbfd-dca5-4aff-a2ee-7e169a751d1b,reaches.inc,premium,2015,2600,high,low,7,namecheap,,,18/09/2026 18:09
2d241ed2-29f9-42e7-8761-f8a509dba236,shelfy.inc,available,279,2099,high,medium,6,namesilo,,,09/09/2026 12:29
586d6b6c-84a7-4f09-977a-93ea8276f39e,alden.inc,premium,1604.45,2070.2,medium,low,5,spaceship,,,30/09/2026 13:53
588e9585-c8cd-4510-8235-7672f2ba8f3d,squarely.inc,premium,2015,2600,medium,low,8,namecheap,,,18/08/2026 12:39
0a15590c-3f5b-47fb-9c2b-33761902b7da,struggle.inc,premium,1604.45,2070.2,high,low,8,spaceship,,,29/09/2026 09:49
9ae553e9-af98-4a33-ba9b-936885168127,toilet.inc,premium,2061.5,2660,high,low,6,namesilo,,,27/09/2026 04:48
550280c2-f7df-48d1-9ac3-0479279d5538,european.inc,premium,2015,2600,high,low,8,namecheap,,,24/09/2026 15:26
0abcd2f5-2cf2-46b3-a9a9-0e3ed2d984e1,assaults.inc,premium,2061.5,2660,low,low,8,namesilo,,,30/09/2026 16:01
bfc5f731-a099-4de8-9676-94b468932ca8,shoes.inc,premium,1604.45,2070.2,high,low,5,spaceship,,,30/09/2026 11:10
71ddc6dd-b728-493e-a657-bac0d424ad04,languid.inc,premium,2015,2600,medium,low,7,namecheap,,,22/08/2026 18:03
dd0a9ef2-5437-452a-b141-a080d03eaa89,impressive.inc,premium,2015,2600,high,low,10,namecheap,,,21/08/2026 23:04
b36f6cb5-0fa4-4ffc-a85e-08b547e56e22,contacting.inc,premium,2061.5,2660,medium,low,10,namesilo,,,01/10/2026 00:49
ddb2636b-ff35-413c-bd30-14f0379cb6bb,acridid.inc,available,498,2798,medium,low,7,namecheap,,,17/09/2026 02:59
31e001dc-a958-4985-8796-73f684ae7cac,nasa.inc,premium,1604.45,2070.2,high,low,4,spaceship,,,28/09/2026 19:59
4c037aec-2d03-42ff-a472-78616b8e591d,yob.inc,available,279,2099,medium,low,3,namesilo,,,11/08/2026 08:46
7330b4d5-b7bb-4759-acfb-87ae5bb68507,rife.inc,premium,2015,2600,medium,low,4,namecheap,,,04/09/2026 20:07
7ebca643-f82f-49a9-b708-3584f146d1a1,vor.inc,available,279,2099,medium,low,3,namesilo,,,30/09/2026 03:38
8b7faecb-afbf-4b40-bbde-60ce532d5b17,calmness.inc,premium,2015,2600,high,low,8,namecheap,,,11/08/2026 14:56
35764b43-b02f-4589-a672-f788642be86d,solidarity.inc,premium,2061.5,2660,high,low,10,namesilo,,,30/09/2026 02:56
ae9f42a3-e979-4653-8f72-158597e9e883,aggravated.inc,premium,2015,2600,medium,low,10,namecheap,,,
9bd63b14-83b9-4c69-b4b7-b7f38e58fad3,farsighted.inc,available,279,2099,high,low,10,namesilo,,,17/08/2026 22:41
a9c793d3-d315-418c-a916-2762c60b118f,fling.inc,premium,1604.45,2070.2,high,low,5,spaceship,,,29/09/2026 15:22
e63621ac-c087-4c64-b338-278e7b905e5f,warranty.inc,premium,2061.5,2660,high,low,8,namesilo,,,29/09/2026 21:39
cc13b5d5-3150-497f-b65d-56989427b658,irc.inc,premium,1692.6,2183.84,high,low,3,porkbun,,,28/09/2026 20:54
91c8115d-ffb2-4b63-803d-224c6a642b6f,mayor.inc,premium,2061.5,2660,high,low,5,namesilo,,,24/09/2026 15:10
897d2036-b9e5-4d93-b490-fa47b35736d0,munition.inc,available,279,2099,high,low,8,namesilo,,,20/09/2026 07:44
d4981d6e-f0c4-47bd-a105-d001a98449dc,florida.inc,premium,2061.5,2660,high,medium,7,namesilo,,,25/09/2026 05:49
bbbddce9-c368-4053-aaae-32ad3715011b,aftercare.inc,premium,2061.5,2660,high,low,9,namesilo,,,17/09/2026 15:35
77c1d54e-d291-4ea5-b8aa-77f831a216ba,miry.inc,available,279,2099,medium,low,4,namesilo,,,10/08/2026 17:05
3791af6a-c619-467a-8b50-7b79e2826385,cynical.inc,premium,2499,3799.99,medium,low,7,name.com,,,13/08/2026 13:59
d278cbdb-949b-44e2-b8d8-bd626fcec8e1,foundational.inc,premium,2061.5,2660,high,low,12,namesilo,,,01/10/2026 22:53
276ed693-6d77-482f-92a7-890820e672d0,duckbill.inc,available,279,2099,medium,low,8,namesilo,,,14/08/2026 20:46
e4ed87dc-c90a-469a-998d-0ece1771c7a5,barrie.inc,premium,2061.5,2660,medium,low,6,namesilo,,,22/09/2026 08:37
957bb8b4-e2fc-4c51-b972-9480963008e3,attitudes.inc,premium,1604.45,2070.2,medium,low,9,spaceship,,,29/09/2026 23:34
e8d35c79-bdac-4dee-afd4-b2099e3247c0,cairo.inc,premium,1705,2060.21,high,low,5,dynadot,,,28/09/2026 19:56
e5bc064a-ac56-499a-b79c-ea9424cafcb3,napa.inc,premium,1604.45,2070.2,high,low,4,spaceship,,,01/10/2026 18:48
75914ac4-5f4c-4743-8ea7-937bf828d2b5,yeah.inc,premium,1705,2060.21,high,low,4,dynadot,,,28/09/2026 16:49
7fbb5a79-4f1c-49ed-aef3-a0030c8fe752,monro.inc,available,258.95,2059.5,medium,low,5,spaceship,,,02/10/2026 20:22
4441f501-f012-4ed0-9e5f-10f3be1d66ca,ashley.inc,premium,2061.5,2660,high,low,6,namesilo,,,25/09/2026 17:12
e2f3b0d3-2714-46f2-86ae-4297f8edc62f,curvaceous.inc,premium,2015,2600,medium,low,10,namecheap,,,10/08/2026 20:30
8af131f7-5a05-4046-9faa-03fdb47a407b,fifth.inc,premium,2015,2600,high,low,5,namecheap,,,
b3d3144d-3b3c-4062-9943-9865aa4d229f,beachwear.inc,available,498,2798,high,low,9,namecheap,,,22/09/2026 19:10
6192cc99-9477-4625-b196-397e6b89e64c,formulated.inc,premium,2015,2600,high,low,10,namecheap,,,18/08/2026 12:22
20738dff-f5c0-45a4-95fe-b81bca0bcbde,nandi.inc,available,257.71,2060.21,high,low,5,dynadot,,,02/10/2026 18:59
da4d5c4d-08d6-48b8-88c6-ce4893408644,cheese.inc,premium,2015,2600,high,low,6,namecheap,,,01/10/2026 21:12
6c4eb8ba-0cc0-43ba-b8f2-bea16528d93a,synchro.inc,premium,2061.5,2660,high,low,7,namesilo,,,02/10/2026 06:22
1ab6305e-0d9c-4ba3-ae45-9db1f334d977,markovian.inc,available,279,2099,medium,low,9,namesilo,,,24/08/2026 16:06
20505307-7d4b-4f8b-a217-45ecf773724b,tweet.inc,premium,1604.45,2070.2,high,low,5,spaceship,,,30/09/2026 05:48
551c68e9-e811-4b07-af97-beb89cea5d0b,biota.inc,premium,2015,2600,high,low,5,namecheap,,,23/09/2026 19:05
aa7c47e8-fd65-4b20-a11d-389d6b5316ab,afflicted.inc,premium,2015,2600,high,low,9,namecheap,,,
9c9795db-cf25-477b-a7c8-1761b7a03e93,succinct.inc,premium,2015,2600,high,low,8,namecheap,,,23/09/2026 17:07
8c5fa1f1-35bc-40d6-a04b-da11bb981f0d,competed.inc,premium,1604.45,2070.2,medium,low,8,spaceship,,,02/10/2026 23:24
7fca01cc-ee54-4fdf-aa3e-4c72ba32e99a,abrader.inc,available,498,2798,medium,low,7,namecheap,,,16/09/2026 16:48
d36b8e55-680d-481b-96ed-8d1378802f3b,ascending.inc,premium,2015,2600,high,low,9,namecheap,,,07/08/2026 00:51
343899f5-6149-4de4-bfdc-a410d683b158,herb.inc,available,499.99,3999.99,high,low,4,godaddy,,,28/09/2026 02:06
5f76a1b1-b51e-4d9b-8db8-e8b3cb0235f8,lxxxviii.inc,available,350,3799.99,medium,low,8,name.com,,,
9543bf06-58fd-4423-8779-37781bbf938d,scalable.inc,premium,2015,2600,high,low,8,namecheap,,,09/09/2026 22:15
b190622a-70f3-4adf-9b24-6e5962b47f13,rolle.inc,premium,2061.5,2660,medium,low,5,namesilo,,,02/10/2026 07:36
d4263de1-c3e1-4fb5-8902-ad82442974af,caravan.inc,premium,2061.5,2660,high,high,7,namesilo,,,24/09/2026 12:46
18cbb643-9a52-411e-a14f-70214610b2ee,animistic.inc,available,279,2099,medium,low,9,namesilo,,,
6c2c060d-9aa5-422a-9583-f1aaa3c61ea2,defenders.inc,premium,1604.45,2070.2,medium,low,9,spaceship,,,01/10/2026 00:48
59916b3e-33ac-49cc-8c10-e084549602a3,leaks.inc,premium,2061.5,2660,medium,low,5,namesilo,,,18/09/2026 06:46
e8c3422b-a31d-47d3-86e6-8dd08db25e5c,sayonara.inc,premium,2015,2600,high,low,8,namecheap,,,17/09/2026 08:15
5e964d4e-fdbc-4bee-8df9-d640bd07fdea,filar.inc,available,279,2099,medium,low,5,namesilo,,,18/08/2026 04:10
7dd2f49c-cdf6-4773-bf45-f29652091823,heterodyne.inc,available,279,2099,medium,low,10,namesilo,,,21/08/2026 07:29
5eecbbc9-b624-4959-8790-b9552970f348,closet.inc,premium,2061.5,2660,high,low,6,namesilo,,,24/09/2026 15:59
f7d8c293-0728-4c02-a3fd-39ba90867afb,newsless.inc,available,279,2099,low,low,8,namesilo,,,03/09/2026 16:52
1a569f6f-ea1c-47d6-b3dd-877409977143,approving.inc,premium,2015,2600,medium,low,9,namecheap,,,06/08/2026 08:49
f6769060-c3a2-4ebe-981c-bb26a376a822,dublin.inc,premium,1604.45,2070.2,high,low,6,spaceship,,,29/09/2026 18:12
66c5f83c-7561-4bf4-bee0-38d682c91158,sensuous.inc,premium,2015,2600,high,low,8,namecheap,,,10/09/2026 03:48
24ec59b7-5704-4266-a430-0a112049fc61,kettering.inc,premium,2061.5,2660,medium,low,9,namesilo,,,29/09/2026 06:20
e5deced0-7157-449b-bef7-d51a49a9c88b,jejune.inc,available,279,2099,medium,low,6,namesilo,,,22/08/2026 12:45
0e784d44-e8ee-4588-9be8-f8ea1cd00444,fannie.inc,premium,1604.45,2070.2,medium,low,6,spaceship,,,28/09/2026 12:06
992d8354-135b-414e-a620-8e57923f932a,baic.inc,available,498,2798,medium,low,4,namecheap,,,21/09/2026 18:51
07d1793c-7b1e-43a5-9868-403b310fb7fd,toro.inc,premium,1604.45,2070.2,high,high,4,spaceship,,,29/09/2026 21:51
989a8c43-3405-4efd-bfa8-d660f0dcb912,filiform.inc,available,279,2099,medium,low,8,namesilo,,,18/08/2026 04:04
8c8d6777-c16a-40e9-80e7-361cd7723d31,capitalism.inc,premium,2061.5,2660,high,low,10,namesilo,,,29/09/2026 07:23
ecd5e802-0adf-4815-b9d0-c0c7c25c3d11,spade.inc,premium,1705,2060.21,high,low,5,dynadot,,,30/09/2026 02:04
12cd46fa-c577-4712-b334-544bb3cd65f1,lxxxvi.inc,available,350,3799.99,medium,low,6,name.com,,,
bda7ed86-9e83-452d-8f79-3d3fee3664cc,contained.inc,premium,2015,2600,high,low,9,namecheap,,,23/09/2026 21:42
66b32fb7-20a9-4897-a308-b292807c26ea,brakes.inc,premium,2061.5,2660,high,low,6,namesilo,,,24/09/2026 08:09
5a38f2f9-bbad-4f25-8fdc-61e3f90c6cc8,acharya.inc,available,498,2798,high,low,7,namecheap,,,02/10/2026 17:55
de4dbe4e-c08e-46c6-9576-f27037e87cd7,stride.inc,premium,2061.5,2660,high,low,6,namesilo,,,29/09/2026 08:09
ee907d02-95c3-499f-b5c7-d8fe243ad30e,fertile.inc,premium,2015,2600,high,low,7,namecheap,,,18/08/2026 02:11
85f063e1-ad56-4275-9f78-c99625828917,fascination.inc,premium,2061.5,2660,high,low,11,namesilo,,,29/09/2026 16:24
0984f3cb-09bb-4923-a400-db0a8258ec32,gardening.inc,premium,2061.5,2660,high,low,9,namesilo,,,28/09/2026 14:15
3a251dbc-843a-4581-a16c-917689e1e2bb,linear.inc,premium,2015,2600,high,low,6,namecheap,,,
222cb72f-a715-466c-9b1c-1833411b518f,detected.inc,premium,2061.5,2660,high,low,8,namesilo,,,24/09/2026 07:30
4af90d45-acba-4cfc-81d0-70c43f334798,clickbait.inc,available,258.95,2059.5,medium,low,9,spaceship,,,02/10/2026 04:10
742b16bc-3496-4e8e-8879-c9464d8276a9,strategies.inc,premium,2061.5,2660,high,low,10,namesilo,,,30/09/2026 07:25
870df754-92eb-4be6-aef5-dd5107f77225,depends.inc,premium,2015,2600,medium,low,7,namecheap,,,25/09/2026 20:36
e078514f-cdd8-416c-81a2-b631704bbcc5,renovations.inc,premium,2061.5,2660,medium,low,11,namesilo,,,02/10/2026 13:58
b3a64059-9917-496c-ab4a-45a82fb2d442,mucky.inc,premium,2015,2600,medium,low,5,namecheap,,,10/08/2026 17:06
6880a1db-2ebd-4303-81ea-f4008069d806,allamerican.inc,available,279,2099,high,low,12,namesilo,,,01/10/2026 22:44
fd153b95-0dfc-4b93-8c6f-158e571ff6e5,borges.inc,premium,2061.5,2660,high,low,6,namesilo,,,29/09/2026 11:45
61ce7904-27bf-44fb-9bb4-3a8aa98aa3a9,germania.inc,available,258.95,2059.5,medium,low,8,spaceship,,,29/09/2026 21:50
36bc36f0-cfaa-47cc-8f3c-4b8937601a77,homebound.inc,premium,2015,2600,medium,low,9,namecheap,,,21/08/2026 10:54
89c47d74-8527-4543-8019-c9f91a6d201e,addon.inc,available,279,2099,high,low,6,namesilo,,,17/09/2026 06:37
95f936a0-cda0-486f-9b9f-bf89227ff088,judaism.inc,premium,1705,2060.21,high,low,7,dynadot,,,01/10/2026 02:27
019fd5d3-9c75-4c10-9b15-7e35cfaee3f4,amalgamate.inc,available,498,2798,high,low,10,namecheap,,,22/09/2026 03:01
14c7889c-09d7-4417-b0a4-3eff6509d829,denis.inc,premium,2015,2600,high,low,5,namecheap,,,25/09/2026 15:03
fc5c82c6-2936-4799-a928-ecaa368a2199,corsair.inc,premium,2015,2600,high,low,7,namecheap,,,22/09/2026 04:33
ae8a7cfc-4364-4aa9-a5f9-d026e33d5bf3,flaccid.inc,premium,2015,2600,medium,low,7,namecheap,,,18/08/2026 06:07
702f36dc-16e8-45e6-973b-8e3e9924b7d8,barbecued.inc,premium,2015,2600,medium,low,9,namecheap,,,08/08/2026 16:25
983b1cf3-c833-4550-9640-cb6c0a1e6e87,anyway.inc,premium,1705,2060.21,high,low,6,dynadot,,,28/09/2026 12:17
647d073f-43b3-457e-a003-ebac9075efd9,bilimbi.inc,available,279,2099,medium,low,7,namesilo,,,21/09/2026 09:13
a71878b9-b7a0-43b9-aa50-b9b072c5f532,susurrous.inc,available,279,2099,medium,low,9,namesilo,,,03/09/2026 11:24
a8f5bc07-920b-4a2a-ba83-79dd4c22d290,nutbrown.inc,available,279,2099,medium,low,8,namesilo,,,03/09/2026 23:14
ad6e929b-79b3-4473-b7ea-71e59312484d,momentarily.inc,premium,1604.45,2070.2,medium,low,11,spaceship,,,29/09/2026 23:02
b5bea814-b53b-41e4-8eda-393c5791e0f8,blessing.inc,premium,2015,2600,high,low,8,namecheap,,,06/08/2026 09:29
cca6ec7f-7436-4718-b242-a95310436a35,kingdoms.inc,premium,2061.5,2660,medium,low,8,namesilo,,,30/09/2026 15:20
c7543c77-22f8-4617-bf03-61a2b7e50d3a,goit.inc,available,279,2099,high,low,5,namesilo,,,17/09/2026 17:43
2ea2d261-b344-4c1c-a2ae-b394e51b7840,swingy.inc,available,279,2099,medium,low,6,namesilo,,,23/08/2026 09:29
494086e1-d642-4edf-aa4a-803370d119df,bake.inc,premium,2061.5,2660,high,low,4,namesilo,,,30/09/2026 15:33
2ff65502-57b1-454a-9673-36073fc57ee9,melodies.inc,premium,2061.5,2660,medium,low,8,namesilo,,,02/10/2026 11:49
4bfa7860-1205-45a2-ae2b-85c503fef574,backyard.inc,premium,2061.5,2660,high,low,9,namesilo,,,21/09/2026 16:22
5c6e2e1d-3969-4ce8-8924-80e735acc6a3,aboveboard.inc,available,279,2099,medium,low,10,namesilo,,,
f83d8f70-2a89-486a-b8b2-2e1a53a65888,talus.inc,premium,2061.5,2660,medium,low,5,namesilo,,,19/09/2026 09:46
1735c34f-93b6-4508-9cea-76567c8592e9,roof.inc,premium,1604.45,2070.2,high,low,4,spaceship,,,30/09/2026 10:21
3ac9467f-6292-46a3-9946-4ba24eddc4b9,stingy.inc,premium,2015,2600,medium,low,6,namecheap,,,24/08/2026 18:08
25f011ed-6ee2-4a4a-ab84-49d5c7e2fdc4,majestic.inc,premium,2061.5,2660,high,low,8,namesilo,,,25/09/2026 16:12
2eb81c07-cade-4040-90a8-7d79bff79be0,ohmygosh.inc,available,279,2099,high,low,8,namesilo,,,02/10/2026 04:21
01e36c88-c3dc-4991-a7ce-ab28663500cf,economics.inc,premium,1604.45,2070.2,high,low,9,spaceship,,,28/09/2026 19:02
7da68d13-2e29-42ec-b3c7-7785b354abd4,ellington.inc,premium,1692.6,2183.84,medium,low,9,porkbun,,,28/09/2026 09:32
892750d3-466a-4322-90b1-42b83cc6cccd,enteric.inc,premium,2015,2600,medium,low,7,namecheap,,,17/08/2026 09:53
f446d084-eea3-485f-bb7e-93bebe797fd6,novara.inc,available,258.95,2059.5,high,low,6,spaceship,,,03/10/2026 04:33
23031f2c-0f64-419c-9a8f-bd24a9463caf,newbie.inc,premium,2015,2600,high,low,6,namecheap,,,24/09/2026 19:51
9ff7e799-60c2-41d4-8017-a675f2ec39dc,curt.inc,premium,2015,2600,medium,low,4,namecheap,,,11/08/2026 07:05
6e2055e8-db76-4d5e-b4fd-89db64d3a167,panadol.inc,available,279,2099,high,low,7,namesilo,,,16/09/2026 23:53
3edb5418-4d6b-45bc-8ba4-d43c96cdead3,condolence.inc,premium,1604.45,2070.2,high,low,10,spaceship,,,29/09/2026 10:42
c71dc8a0-1380-4abb-b37a-817b92f23533,galax.inc,available,279,2099,medium,low,5,namesilo,,,23/09/2026 01:54
2323d1d4-af0b-45ef-9574-b5698b1f6ee6,nicolson.inc,available,279,2099,medium,low,8,namesilo,,,01/10/2026 02:25
cd09fa51-fc61-4c32-ab76-8d710d5abdad,anybody.inc,premium,2061.5,2660,medium,low,7,namesilo,,,01/10/2026 00:36
be57178b-a65d-4218-807e-e3047cff5406,yalta.inc,premium,1604.45,2070.2,medium,low,5,spaceship,,,30/09/2026 19:08
2fd8d9ec-32e3-4295-83e9-44167fa2927e,glinting.inc,premium,2015,2600,medium,low,8,namecheap,,,
08295356-18b0-47fb-9a0a-14852b13889f,soignee.inc,available,279,2099,medium,low,7,namesilo,,,10/09/2026 13:30
2ac6c852-b3ec-4cf4-90b9-13440ec8226a,wah.inc,premium,2061.5,2660,high,low,3,namesilo,,,30/09/2026 03:50
17c4be42-0619-4634-ba59-69656b92f09b,calder.inc,premium,2061.5,2660,high,low,6,namesilo,,,18/09/2026 05:48
5628adf5-4094-4cc7-87f5-0187c6e309b7,arising.inc,premium,1604.45,2070.2,high,low,7,spaceship,,,02/10/2026 17:55
35bf75a3-bed5-4fac-bdeb-c62bdce42690,payday.inc,premium,2015,2600,high,low,6,namecheap,,,02/10/2026 16:21
98e94a2c-aa9b-4d89-a134-63af7e0e3502,declension.inc,available,279,2099,medium,low,10,namesilo,,,13/09/2026 13:21
2fab4e89-b499-4f39-94a4-40ed423f3a52,methionine.inc,available,499.99,3999.99,medium,low,10,godaddy,,,30/09/2026 02:16
ba59f191-4cb6-42d6-b038-8e9c8e7d62a5,sintering.inc,available,257.98,2060.25,medium,low,9,porkbun,,,01/10/2026 15:38
933d023d-70f5-4a6f-95d6-05d97324c9b1,wwf.inc,premium,2061.5,2660,high,low,3,namesilo,,,29/09/2026 15:10
8148bccc-7c6b-4824-adaf-94f08b426c1d,anywhere.inc,premium,2061.5,2660,high,low,8,namesilo,,,28/09/2026 12:18
cc3584c2-f6dd-457c-ac58-ed82d9f2af6b,walker.inc,premium,2015,2600,high,low,6,namecheap,,,08/09/2026 12:36
45c2f196-49cc-42ae-82d6-223031b0810c,copula.inc,available,279,2099,medium,low,6,namesilo,,,13/08/2026 00:42
93adfb7c-92f3-4fe1-b4f4-697086d0186c,superficial.inc,premium,1604.45,2070.2,medium,low,11,spaceship,,,28/09/2026 20:58
6d4b0780-ebe9-4c24-a634-053bd4692140,sandwich.inc,premium,1705,2060.21,high,low,8,dynadot,,,30/09/2026 10:33
7e56fa50-aba9-4c12-a1a1-809e5800d698,russet.inc,premium,2015,2600,high,low,6,namecheap,,,09/09/2026 20:06
75d6537d-d5fa-4f6f-b9ef-edc01d9f43f3,rowley.inc,premium,2061.5,2660,medium,low,6,namesilo,,,28/09/2026 12:08
f44aae02-ff7e-41fd-be4b-3fec9fb62fa8,perfume.inc,premium,2015,2600,high,low,7,namecheap,,,27/09/2026 04:02
a1ff4f09-264d-4715-b576-5ade25ba571c,goh.inc,available,258.95,2059.5,medium,low,3,spaceship,,,02/10/2026 18:56
b67a0cfb-f490-4bf3-bb69-fa3f830b7786,cherubic.inc,available,279,2099,high,low,8,namesilo,,,12/08/2026 04:25
d3ad75c8-6bc2-44d7-8b51-478947276f7e,bundles.inc,premium,1692.6,2183.84,medium,low,7,porkbun,,,01/10/2026 18:17
95b5d16b-8593-417d-a503-5fdf569c6ed5,shines.inc,premium,2061.5,2660,medium,low,6,namesilo,,,29/09/2026 17:16
a8c868d8-6662-428a-af76-274d28584dc0,instructional.inc,premium,1604.45,2070.2,high,low,13,spaceship,,,03/10/2026 03:29
0e173fb0-7bbb-4c04-9729-7b7f82d19415,supervising.inc,premium,1604.45,2070.2,high,low,11,spaceship,,,01/10/2026 00:08
67a3ef78-7538-417f-9cbb-e8394da0786c,sabin.inc,premium,2061.5,2660,high,low,5,namesilo,,,18/09/2026 02:37
31b2aaa0-5526-4a56-8472-a1749ee0243a,basset.inc,premium,2061.5,2660,medium,low,6,namesilo,,,22/09/2026 12:10
0e4e964d-f9bc-4101-a3a0-36bb6c9836a3,capped.inc,premium,2015,2600,medium,low,6,namecheap,,,11/08/2026 18:02
1dbe3823-55ca-4655-8ce0-d307b72d3def,occupancy.inc,premium,1604.45,2070.2,high,low,9,spaceship,,,02/10/2026 05:49
1d4f223a-2582-4115-8f2c-368d2edbd358,theorize.inc,premium,2061.5,2660,high,low,8,namesilo,,,24/09/2026 17:19
fdbb489d-2302-4cff-b2ed-c55cf959df8f,nubile.inc,available,279,2099,medium,low,6,namesilo,,,24/08/2026 16:30
45913cac-d2ba-443c-8e97-92980cae724e,catered.inc,premium,2061.5,2660,medium,low,7,namesilo,,,20/09/2026 17:04
4dd4fe89-1ce3-4e71-9170-ec642a459913,undisputed.inc,premium,2015,2600,high,low,10,namecheap,,,12/09/2026 05:02
aa1e00e4-4be4-4173-903b-64afae340f2e,ashton.inc,premium,2061.5,2660,high,low,6,namesilo,,,20/09/2026 14:00
5c0e6a60-5737-4778-a9e8-e8fc9bdff910,diffusely.inc,available,279,2099,medium,low,9,namesilo,,,14/09/2026 12:36
b66f4b01-1763-4956-bf96-e7e2f9c48bec,illness.inc,premium,1604.45,2070.2,high,low,7,spaceship,,,29/09/2026 23:34
1b8386b0-d0dc-4649-9278-b5d08a021d41,slugger.inc,premium,2061.5,2660,high,low,7,namesilo,,,22/09/2026 14:18
154b6535-f5d7-4947-9cd4-bcd27e15d8cb,cheerful.inc,premium,2015,2600,high,low,8,namecheap,,,12/08/2026 03:41
6b778b04-18ce-4709-828c-9333f2403834,astronomical.inc,premium,1604.45,2070.2,high,low,12,spaceship,,,29/09/2026 14:28
2080f804-a1cd-4620-b7f6-612927303a6c,dallas.inc,premium,2015,2600,high,low,6,namecheap,,,25/09/2026 04:35
be5b3fbb-b9fc-492b-9db2-2c031cdd500e,heinz.inc,premium,2061.5,2660,high,low,5,namesilo,,,25/09/2026 07:09
1d827281-7bfb-43a3-bc2b-168b25b2b06d,shaykh.inc,premium,2061.5,2660,medium,low,6,namesilo,,,30/09/2026 21:57
141d7f5a-b1cf-4c35-a407-304c6c242fc9,rotary.inc,premium,2015,2600,high,low,6,namecheap,,,04/09/2026 17:37
49524036-c49b-40e5-9014-f3f8aa37d2c6,stalling.inc,premium,1604.45,2070.2,medium,low,8,spaceship,,,30/09/2026 18:49
a2e7dcd8-470e-4f74-ae0d-3ac6ad46616b,ransom.inc,premium,2061.5,2660,medium,low,6,namesilo,,,27/09/2026 05:07
84dc4073-8a83-493a-95f0-984982202edf,both.inc,premium,1604.45,2070.2,high,low,4,spaceship,,,30/09/2026 22:10
e5edc00d-a6cd-45e6-8f10-9de52d879cd9,castello.inc,available,257.71,2060.21,high,low,8,dynadot,,,30/09/2026 20:54
91fbe756-aaee-4bc9-a329-084c5f860272,varying.inc,premium,2015,2600,high,low,7,namecheap,,,13/09/2026 01:31
18af4f97-3e74-4d71-801b-8eb688ffbdb9,moustache.inc,premium,1692.6,2183.84,high,low,9,porkbun,,,30/09/2026 18:05
952e22b9-cc53-42e5-8bd3-6ae242ad48ee,stella.inc,premium,2061.5,2660,high,medium,6,namesilo,,,27/09/2026 04:03
fad47ab3-52e9-4968-b6e6-9e70f7429e54,puranic.inc,available,279,2099,high,medium,7,namesilo,,,09/09/2026 06:15
d33b8ef8-e898-4103-bc9e-f3f5031845b1,underground.inc,premium,2061.5,2660,high,low,11,namesilo,,,26/09/2026 00:51
41d7eb18-bfe4-43ef-b0d0-2575f7fff675,elliptical.inc,premium,2015,2600,high,low,10,namecheap,,,15/08/2026 18:01
bcaab420-b572-4801-8a0d-03f064a9e3fa,hus.inc,premium,2061.5,2660,high,low,3,namesilo,,,30/09/2026 10:11
7309749c-39a0-473c-931c-ea575a6eb3ea,hind.inc,premium,2015,2600,medium,low,4,namecheap,,,21/08/2026 09:26
638468a7-7411-4dbe-aa90-ae6b44aa6eb8,pimp.inc,premium,1604.45,2070.2,medium,low,4,spaceship,,,29/09/2026 00:52
b1221dc8-e1ce-4cf8-b96e-cbf9c7927164,otero.inc,available,279,2099,high,low,5,namesilo,,,02/10/2026 00:57
add85173-20f7-40bc-804f-80c7556b8186,homozygous.inc,available,279,2099,medium,low,10,namesilo,,,21/08/2026 13:12
51f21221-e054-4e8f-90ba-1035233e9370,asthma.inc,premium,2061.5,2660,medium,low,6,namesilo,,,20/09/2026 17:24
2c0719e2-802d-4d93-89b9-9ae0ef8ec38a,costing.inc,premium,1604.45,2070.2,high,low,7,spaceship,,,29/09/2026 18:29
262452b7-6f60-4ade-8963-6537f746a45e,supported.inc,premium,2061.5,2660,high,low,9,namesilo,,,28/09/2026 02:01
212efcee-7e31-440c-b83d-0023b0e958dc,barbarous.inc,premium,2015,2600,medium,low,9,namecheap,,,08/08/2026 15:40
b4baa833-72d0-41b8-a70e-4b2a5f89cff3,speaks.inc,premium,2061.5,2660,medium,low,6,namesilo,,,16/09/2026 07:20
5b741452-1002-4d83-9a58-8cf10dfdcf39,last.inc,premium,1604.45,2070.2,high,low,4,spaceship,,,30/09/2026 14:49
ab561941-4a32-4918-8e19-c7087041963f,dakota.inc,premium,1604.45,2070.2,high,low,6,spaceship,,,28/09/2026 13:51
6e1f2983-d482-4be9-a979-3329555daa84,catalogue.inc,premium,2061.5,2660,high,low,9,namesilo,,,24/09/2026 13:08
4dd48aa4-0fa0-47db-a032-e4082314baf8,recess.inc,premium,2061.5,2660,medium,low,6,namesilo,,,28/09/2026 13:53
b33dcaf8-0193-4b47-a8c7-ca37d3cdb8bd,amarillo.inc,premium,2015,2600,medium,low,8,namecheap,,,18/09/2026 15:59
d43d7b18-14fa-4b66-9b7e-f60537580dd3,sleeping.inc,premium,1604.45,2070.2,high,low,8,spaceship,,,27/09/2026 22:26
653a8b74-9ebd-421e-a03d-4a949f8e93f0,technicians.inc,premium,1692.6,2183.84,medium,low,11,porkbun,,,30/09/2026 00:29
80597530-9094-4c2d-8aea-1091a4d7eaa5,scenic.inc,premium,2015,2600,high,low,6,namecheap,,,09/09/2026 22:58
a7c17b16-b296-49eb-8db9-d600ac5e7451,misused.inc,premium,2015,2600,medium,low,7,namecheap,,,25/08/2026 01:56
f30b7180-f7a1-4f42-bf21-79cbe55dd64f,yellowstone.inc,premium,1604.45,2070.2,high,low,11,spaceship,,,02/10/2026 19:39
3c682683-f0a0-4f95-8946-4476a3e1bcc8,airframe.inc,available,279,2099,high,low,8,namesilo,,,17/09/2026 23:10
8a2164d5-087d-4387-8180-122f837eaf8e,fastidious.inc,premium,2015,2600,medium,low,10,namecheap,,,17/08/2026 15:30
561e61f2-fe0b-41da-876b-4afe28764501,northerner.inc,available,279,2099,medium,low,10,namesilo,,,13/09/2026 14:16
41417a2e-30b5-47f7-a2c4-e26898e79da7,dunstan.inc,available,257.71,2060.21,medium,low,7,dynadot,,,02/10/2026 00:24
6aa393a6-b7cc-4ba7-82d8-97df83ad551d,rouged.inc,available,350,3799.99,high,medium,6,name.com,,,09/09/2026 18:49
301d46e1-945f-4eab-8dba-5e4116202bd7,daniela.inc,premium,2061.5,2660,medium,low,7,namesilo,,,02/10/2026 01:34
dfd0def2-a554-409b-adc6-06290805de2e,maryland.inc,premium,1692.6,2183.84,medium,low,8,porkbun,,,28/09/2026 19:17
0e453bf8-9182-46df-9e45-f18e9a11ffc4,prop.inc,premium,2061.5,2660,high,low,4,namesilo,,,17/09/2026 23:19
797d0a43-a292-41d0-9a9e-acd08c1a3be5,fringe.inc,premium,1604.45,2070.2,high,low,6,spaceship,,,29/09/2026 01:02
ed7d3ead-8352-45ee-b0af-6441fe93670b,precaution.inc,premium,2061.5,2660,high,low,10,namesilo,,,30/09/2026 02:37
29da1307-d4e2-4607-8bbe-fd7c5d195d01,organs.inc,premium,1604.45,2070.2,high,low,6,spaceship,,,30/09/2026 06:14
c74b70f1-7724-4d42-a715-a337888b248b,khrushchev.inc,premium,1604.45,2070.2,medium,low,10,spaceship,,,03/10/2026 01:25
8553e4e9-1cb9-4576-b8f3-e92063f500b4,vampires.inc,premium,1604.45,2070.2,medium,low,8,spaceship,,,28/09/2026 13:22
128d5e57-c9af-4e68-8e04-03f415e67c02,uppsala.inc,premium,2015,2600,medium,low,7,namecheap,,,28/09/2026 11:02
a1c0eec4-65f2-4658-a85c-2de59807545b,reforestation.inc,premium,2015,2600,high,low,13,namecheap,,,02/10/2026 22:34
37ceda70-b394-4be7-bc7f-442f87235b8c,idle.inc,premium,2015,2600,high,low,4,namecheap,,,08/08/2026 21:52
bd47f2c1-4350-4ab2-bc8b-5c8635df35ec,fordable.inc,available,279,2099,medium,low,8,namesilo,,,18/08/2026 11:24
38157567-a334-4c9c-94cd-f249a556476e,peshawar.inc,premium,1604.45,2070.2,high,low,8,spaceship,,,29/09/2026 19:57
67a78dfe-5474-4b29-8072-37590dfb0cb8,hem.inc,premium,2015,2600,medium,low,3,namecheap,,,17/09/2026 20:18
7eb97837-1363-41eb-b635-2c5caa782653,somewhat.inc,premium,2061.5,2660,high,low,8,namesilo,,,25/09/2026 12:06
9c1ada01-08c4-4d68-98f5-044241c7e1d7,graves.inc,premium,2061.5,2660,high,low,6,namesilo,,,28/09/2026 05:52
32f2b111-d857-48ae-8175-cf386e3019c4,crusted.inc,premium,2015,2600,medium,low,7,namecheap,,,13/08/2026 09:22
ac65e6f3-5a03-41df-817d-4364a091dc1c,blessedly.inc,premium,2015,2600,medium,low,9,namecheap,,,14/09/2026 00:19
5fa4e90f-94dd-40e0-b8dc-e2b29baae59d,transport.inc,premium,2061.5,2660,high,low,9,namesilo,,,02/10/2026 11:57
92670d03-dc65-4a90-ac06-12e30e6345c6,clemens.inc,premium,2061.5,2660,high,low,7,namesilo,,,27/09/2026 12:32
525e4b86-b75a-484e-aa15-23977662731b,lutecium.inc,available,279,2099,medium,low,8,namesilo,,,20/09/2026 23:39
015052a4-267e-413e-905d-075c5b3bbfc4,recreate.inc,premium,2015,2600,high,low,8,namecheap,,,24/09/2026 14:10
227796a0-777d-4413-9143-632771c2c6a2,porter.inc,premium,,,high,low,6,,,,28/09/2026 01:41
0036a66f-be32-4bad-84cf-c61690ee4659,bearnaise.inc,available,498,2798,medium,low,9,namecheap,,,22/09/2026 21:23
ecd61b5b-6add-486b-a08e-3d9100acebcc,structures.inc,premium,1705,2060.21,medium,low,10,dynadot,,,02/10/2026 20:07
d0ba5253-93cc-4ce6-be31-f204a2b341f9,unimpeded.inc,premium,2015,2600,medium,low,9,namecheap,,,12/09/2026 13:10
0b1102f8-cf75-4ea2-ba1d-6f68a5b91f83,seu.inc,available,258.95,2059.5,high,low,3,spaceship,,,02/10/2026 18:33
a02269cf-c4e7-4e17-887f-fdc7d3fdd31c,paintings.inc,premium,2061.5,2660,high,low,9,namesilo,,,27/09/2026 03:04
267bb28f-e8c3-432e-b9a7-a7e752827ea1,farr.inc,premium,1705,2060.21,medium,low,4,dynadot,,,28/09/2026 22:15
9ebdb2c5-0c4e-4945-9dc3-9d2e3e6b8477,breckenridge.inc,premium,1604.45,2070.2,medium,low,12,spaceship,,,01/10/2026 11:00
05d4230b-9449-49eb-95ea-046b5e9aeeb1,tireless.inc,premium,2015,2600,high,low,8,namecheap,,,21/08/2026 00:49
9d2ad751-bd2f-48be-bb6a-a65ab14fb40a,edmonton.inc,premium,2061.5,2660,high,low,8,namesilo,,,25/09/2026 22:33
ea60c7b4-4596-4e71-be75-ecd71e30177b,christi.inc,premium,2015,2600,medium,low,7,namecheap,,,25/09/2026 21:26
afc3daf8-26dd-4682-a79e-deab6517095d,intervention.inc,premium,1705,2060.21,high,low,12,dynadot,,,29/09/2026 04:42
516db7a7-e878-4aef-afd6-c175e842977b,quiesce.inc,available,498,2798,medium,low,7,namecheap,,,09/09/2026 08:52
1799e8af-e08a-412d-b0cf-8c26af12fa41,diversity.inc,premium,1604.45,2070.2,high,low,9,spaceship,,,29/09/2026 16:23
7d3636ec-b828-4064-9572-21f8fef0dd98,herds.inc,premium,2015,2600,medium,low,5,namecheap,,,19/09/2026 20:40
f03f1f10-7f97-4732-a008-65c3766c4483,disappointed.inc,premium,2061.5,2660,medium,low,12,namesilo,,,01/10/2026 03:51
9750b492-386d-4654-8559-a7aee8b8d129,normally.inc,premium,2061.5,2660,medium,low,8,namesilo,,,28/09/2026 14:10